obs,k,n,reference_pool,physical_rqmc,quotient_self_normalized,ratio,floor
0,2,1024,0,0.06437732760086656,0.06770322370884196,0.9508753656653274,0.06324652492823081
0,2,1024,1,0.06487805808000267,0.06672890038975347,0.972263257764772,0.06324652492823081
0,2,4096,0,0.06669440482603385,0.06512469827408765,1.0241030913546785,0.06324652492823081
0,2,4096,1,0.06565069786682726,0.06485021598207535,1.0123435500195275,0.06324652492823081
0,2,16384,0,0.06292032639682292,0.061425516528707896,1.0243353243503683,0.06324652492823081
0,2,16384,1,0.06280035332702102,0.06156125946880718,1.020127818516151,0.06324652492823081
0,2,65536,0,0.06695576003715399,0.0627246101622376,1.067455977230827,0.06324652492823081
0,2,65536,1,0.06497589029390366,0.06663261994168108,0.9751363573993121,0.06324652492823081
0,2,262144,0,0.060719638012815255,0.06331738589871982,0.9589725973517,0.06324652492823081
0,2,262144,1,0.0591044404012151,0.0657729326634679,0.8986134266450815,0.06324652492823081
1,2,1024,0,0.0682455837483518,0.05872663257662305,1.1620891706894478,0.06301947578042746
1,2,1024,1,0.06785357822272925,0.05788418586813218,1.1722299831133267,0.06301947578042746
1,2,4096,0,0.06440779120512305,0.06183952071060497,1.0415312160412271,0.06301947578042746
1,2,4096,1,0.06368672384293748,0.06192222658414265,1.0284953780916963,0.06301947578042746
1,2,16384,0,0.06196894427323714,0.0628525745262355,0.985941224211436,0.06301947578042746
1,2,16384,1,0.061878750373516256,0.06327642518014889,0.9779116028970752,0.06301947578042746
1,2,65536,0,0.06598794325422497,0.062175948301847056,1.0613097999546661,0.06301947578042746
1,2,65536,1,0.06567219768539069,0.06187215097173207,1.0614177243554175,0.06301947578042746
1,2,262144,0,0.06420141266370191,0.06329236511202556,1.014362673129174,0.06301947578042746
1,2,262144,1,0.0645351766466163,0.06284929487528973,1.026824195477003,0.06301947578042746
2,2,1024,0,0.07737473740773278,0.06964040676295818,1.111060963085708,0.06868020539199933
2,2,1024,1,0.07676781639028343,0.06915726922041879,1.1100469589915158,0.06868020539199933
2,2,4096,0,0.07016583820162339,0.06794855141172418,1.032631847829454,0.06868020539199933
2,2,4096,1,0.06911518373666331,0.06702394600675099,1.0312013519720502,0.06868020539199933
2,2,16384,0,0.0686572127596475,0.07089755012919409,0.9684003556474928,0.06868020539199933
2,2,16384,1,0.06812873416794463,0.06962665593568043,0.9784863749722584,0.06868020539199933
2,2,65536,0,0.07027175017306583,0.06644517155552432,1.057590017874269,0.06868020539199933
2,2,65536,1,0.07206010137479749,0.06581628319945373,1.09486737736955,0.06868020539199933
2,2,262144,0,0.06473810619646685,0.06845100393916465,0.9457583157436579,0.06868020539199933
2,2,262144,1,0.06598145026694985,0.06790343834929989,0.9716952759820024,0.06868020539199933
3,2,1024,0,0.06447365887919443,0.0711261249000951,0.9064694438190632,0.06618310105446724
3,2,1024,1,0.06518604091117158,0.07010107500373651,0.9298864661875307,0.06618310105446724
3,2,4096,0,0.06799452833635734,0.06792380686750793,1.0010411882388655,0.06618310105446724
3,2,4096,1,0.06757974005844444,0.06766458894241495,0.9987460371030596,0.06618310105446724
3,2,16384,0,0.06752633873838931,0.06769139708868653,0.9975616052054449,0.06618310105446724
3,2,16384,1,0.06729013115856797,0.06626458959423817,1.0154764644376364,0.06618310105446724
3,2,65536,0,0.06410984021797776,0.06675326148369745,0.9604001181820117,0.06618310105446724
3,2,65536,1,0.06407834360357374,0.06648960543589685,0.9637347549813959,0.06618310105446724
3,2,262144,0,0.06498822297789156,0.06976098078310346,0.9315841355491967,0.06618310105446724
3,2,262144,1,0.06543457228001208,0.0695278352738902,0.9411277083810595,0.06618310105446724
4,2,1024,0,0.06491854058168828,0.0663800233278368,0.9779830938152798,0.06596912358077242
4,2,1024,1,0.06522903630686923,0.06730770241199571,0.9691169653600296,0.06596912358077242
4,2,4096,0,0.06657708073286339,0.06946888112583458,0.9583727224894694,0.06596912358077242
4,2,4096,1,0.06643124299217018,0.07015670335481264,0.9468980128128142,0.06596912358077242
4,2,16384,0,0.07391306298254058,0.06910917342315875,1.0695116049206288,0.06596912358077242
4,2,16384,1,0.07314371989518406,0.06936437605522061,1.0544853721015919,0.06596912358077242
4,2,65536,0,0.0723277826903388,0.06751989592646637,1.071206963486859,0.06596912358077242
4,2,65536,1,0.07267875613337378,0.06808547202611728,1.0674634980204667,0.06596912358077242
4,2,262144,0,0.06708213831596077,0.07323190535347718,0.9160233916100832,0.06596912358077242
4,2,262144,1,0.06789560197768735,0.07394399726747596,0.918203025082484,0.06596912358077242
5,2,1024,0,0.0697410464562476,0.06401977395712982,1.089367271164515,0.06992764091929421
5,2,1024,1,0.07066531042130664,0.06352150198626594,1.112462838750023,0.06992764091929421
5,2,4096,0,0.06571668806122617,0.06596714589310468,0.9962032944053035,0.06992764091929421
5,2,4096,1,0.06561828617677093,0.06743100435892169,0.9731174376033015,0.06992764091929421
5,2,16384,0,0.06879646397335457,0.06694603625254789,1.0276405867231049,0.06992764091929421
5,2,16384,1,0.06860324787599964,0.06795000610430482,1.009613564577052,0.06992764091929421
5,2,65536,0,0.06921006061658266,0.06709281357626118,1.0315569869180536,0.06992764091929421
5,2,65536,1,0.06891537402905526,0.06706015398858858,1.0276650131280995,0.06992764091929421
5,2,262144,0,0.06499210435198621,0.06544303587974538,0.9931095567053494,0.06992764091929421
5,2,262144,1,0.06617000061757862,0.06661751816763803,0.9932822842644293,0.06992764091929421
6,2,1024,0,0.07103764212336391,0.06829927431415797,1.0400936589254257,0.06617884026486426
6,2,1024,1,0.07139037811234594,0.06803527314863608,1.0493141984802499,0.06617884026486426
6,2,4096,0,0.06803517297981308,0.06650081487218149,1.0230727715228862,0.06617884026486426
6,2,4096,1,0.06646725714858623,0.06701203316426013,0.9918704747498327,0.06617884026486426
6,2,16384,0,0.07026311831437054,0.06896528863755479,1.0188185926928612,0.06617884026486426
6,2,16384,1,0.06928471313593909,0.06876552441317241,1.007550131075089,0.06617884026486426
6,2,65536,0,0.07181860324796288,0.06596197542266505,1.0887879386232793,0.06617884026486426
6,2,65536,1,0.07128779623396693,0.06581351520537762,1.0831786755578436,0.06617884026486426
6,2,262144,0,0.06858737060893326,0.0699486245973118,0.9805392315257783,0.06617884026486426
6,2,262144,1,0.0676384109296836,0.06848087350846982,0.9876978412274192,0.06617884026486426
7,2,1024,0,0.06429094663821161,0.06503547104566934,0.9885520256025376,0.06320698167439551
7,2,1024,1,0.06495095575684681,0.0647317108149677,1.003386978949248,0.06320698167439551
7,2,4096,0,0.06462784017715603,0.0641292421251125,1.0077748938786895,0.06320698167439551
7,2,4096,1,0.06286836688034236,0.06552967130529183,0.9593877953003779,0.06320698167439551
7,2,16384,0,0.06382805882915857,0.0634320819669658,1.0062425329567297,0.06320698167439551
7,2,16384,1,0.06592497726902366,0.06590951876066509,1.0002345413629055,0.06320698167439551
7,2,65536,0,0.06535778448367494,0.060615243131850995,1.0782400780197798,0.06320698167439551
7,2,65536,1,0.06312718993248419,0.06155811761554576,1.0254892835862508,0.06320698167439551
7,2,262144,0,0.06840413397103548,0.0647216662964758,1.0568969849708612,0.06320698167439551
7,2,262144,1,0.06645165977235883,0.06407514466168723,1.0370895005109928,0.06320698167439551
8,2,1024,0,0.06414391133654863,0.06659902767392023,0.9631358531329879,0.06410856489334256
8,2,1024,1,0.0649513798492029,0.06464521216825903,1.0047361230735385,0.06410856489334256
8,2,4096,0,0.06510371067402887,0.06667750731217717,0.9763968885222426,0.06410856489334256
8,2,4096,1,0.06463769129635766,0.06550352860516166,0.9867818218767564,0.06410856489334256
8,2,16384,0,0.06690071435933935,0.06940300759799634,0.9639454639609994,0.06410856489334256
8,2,16384,1,0.06959466449171306,0.06611006806771072,1.0527090128001892,0.06410856489334256
8,2,65536,0,0.060573370376322426,0.06281691806683756,0.9642843399587355,0.06410856489334256
8,2,65536,1,0.060741115042381014,0.06456903515070837,0.9407158539787261,0.06410856489334256
8,2,262144,0,0.06795469837421551,0.06900838745299247,0.9847309998441174,0.06410856489334256
8,2,262144,1,0.06536361382743343,0.06984841904238907,0.9357923160403395,0.06410856489334256
9,2,1024,0,0.06565340975327416,0.06111657777252692,1.0742324283541058,0.05936254567755387
9,2,1024,1,0.0627199361886829,0.060030942384791564,1.044793463121988,0.05936254567755387
9,2,4096,0,0.06706135303089397,0.06500455415431158,1.031640842758491,0.05936254567755387
9,2,4096,1,0.0664478526039049,0.06656321616296246,0.9982668571966967,0.05936254567755387
9,2,16384,0,0.06451738004274665,0.061962727708322125,1.0412288552958817,0.05936254567755387
9,2,16384,1,0.062478892239276315,0.06146816949204771,1.016443026619808,0.05936254567755387
9,2,65536,0,0.05929470772258938,0.06862668110914222,0.8640182909077084,0.05936254567755387
9,2,65536,1,0.05913264553043991,0.0659686041035931,0.8963755764421145,0.05936254567755387
9,2,262144,0,0.0600494960793294,0.06445534639226498,0.9316449207157731,0.05936254567755387
9,2,262144,1,0.06102541520036757,0.06241132184847199,0.977793986618818,0.05936254567755387
10,2,1024,0,0.07046516624586656,0.06807052047510306,1.0351788961513722,0.06991823955671864
10,2,1024,1,0.06993021194804461,0.06796636404067712,1.028894408801862,0.06991823955671864
10,2,4096,0,0.07018755893940107,0.06415489128120017,1.0940328560726391,0.06991823955671864
10,2,4096,1,0.06955419471943751,0.06557679030108744,1.0606526241996341,0.06991823955671864
10,2,16384,0,0.0674390001100488,0.06693299898757696,1.007559815489005,0.06991823955671864
10,2,16384,1,0.0656840874937363,0.06712754189669168,0.9784968380761383,0.06991823955671864
10,2,65536,0,0.0674858088004403,0.06765225991524199,0.9975396074719423,0.06991823955671864
10,2,65536,1,0.06758431485490873,0.06718235528857205,1.0059831121521434,0.06991823955671864
10,2,262144,0,0.06847468548920008,0.07028043506130198,0.9743065111858394,0.06991823955671864
10,2,262144,1,0.06923762161219493,0.0692598578779979,0.9996789443916829,0.06991823955671864
11,2,1024,0,0.06629797197533774,0.06361945526962176,1.042102163471289,0.06912158578820528
11,2,1024,1,0.0675909686708823,0.06426246377207748,1.0517954759812846,0.06912158578820528
11,2,4096,0,0.06504303543306889,0.06783441680046864,0.9588500719979585,0.06912158578820528
11,2,4096,1,0.06664718392798677,0.0703778533327613,0.9469908610719464,0.06912158578820528
11,2,16384,0,0.06698375591533257,0.06250959781192414,1.071575538157677,0.06912158578820528
11,2,16384,1,0.06609370037596671,0.061809584549920735,1.069311513048367,0.06912158578820528
11,2,65536,0,0.06528567755892875,0.06288882063381593,1.0381126073117042,0.06912158578820528
11,2,65536,1,0.06370255088284613,0.0631837164895637,1.0082115206592528,0.06912158578820528
11,2,262144,0,0.06493988411976026,0.06699845249365272,0.9692743892243261,0.06912158578820528
11,2,262144,1,0.0663048120962456,0.06499243060702002,1.0201928359497887,0.06912158578820528
12,2,1024,0,0.061665593173261715,0.06415991933081248,0.9611232965445317,0.061961744230613125
12,2,1024,1,0.061211984327435486,0.0633196022890882,0.9667146051860797,0.061961744230613125
12,2,4096,0,0.0676394574776292,0.0665043147470711,1.0170687080210552,0.061961744230613125
12,2,4096,1,0.0680711163423024,0.06583872118957343,1.0339070248084117,0.061961744230613125
12,2,16384,0,0.06288295412417501,0.06631381805337122,0.9482632122548734,0.061961744230613125
12,2,16384,1,0.0634747019967064,0.06529408882486368,0.9721355047462664,0.061961744230613125
12,2,65536,0,0.062294699999410647,0.0596582832792736,1.0441919642205493,0.061961744230613125
12,2,65536,1,0.06181600589482115,0.0582871987180284,1.0605417184974661,0.061961744230613125
12,2,262144,0,0.06288422820903362,0.07263064486790943,0.86580847964931,0.061961744230613125
12,2,262144,1,0.06294170982576905,0.07212204504512154,0.8727111077672711,0.061961744230613125
13,2,1024,0,0.06600501881148665,0.06699815805148798,0.9851766187476662,0.06312517640003933
13,2,1024,1,0.06665222440082581,0.06765538940781637,0.9851724302266057,0.06312517640003933
13,2,4096,0,0.06787841518744828,0.06284077458099725,1.080165157734615,0.06312517640003933
13,2,4096,1,0.06772267327820883,0.06377137117734301,1.0619604381702499,0.06312517640003933
13,2,16384,0,0.06682781075425448,0.07028848227091491,0.9507647426028938,0.06312517640003933
13,2,16384,1,0.06645420768866317,0.07032091449223907,0.9450134169685372,0.06312517640003933
13,2,65536,0,0.06587654348546637,0.06703071314851049,0.9827814801777958,0.06312517640003933
13,2,65536,1,0.06582531309695915,0.0681254716117469,0.9662364390239152,0.06312517640003933
13,2,262144,0,0.061163791399076586,0.06406067318341269,0.9547790923763475,0.06312517640003933
13,2,262144,1,0.06169741704566404,0.06361921487051571,0.9697921794734011,0.06312517640003933
14,2,1024,0,0.06593807530878112,0.06584271273225349,1.001448339118642,0.07235209152121097
14,2,1024,1,0.06617734684636818,0.06577767263204462,1.0060761379709997,0.07235209152121097
14,2,4096,0,0.06573076341375708,0.06469232880479195,1.0160518971592225,0.07235209152121097
14,2,4096,1,0.0660641198815778,0.06459534615580056,1.0227380734555493,0.07235209152121097
14,2,16384,0,0.06517794963466003,0.06474407868427362,1.0067013224869905,0.07235209152121097
14,2,16384,1,0.06545289050694554,0.06363131514328775,1.0286270267957827,0.07235209152121097
14,2,65536,0,0.06306174962408842,0.06460568266555612,0.976102209933139,0.07235209152121097
14,2,65536,1,0.062454166865348826,0.06492033367411866,0.962012413227121,0.07235209152121097
14,2,262144,0,0.060664747108332834,0.06270178563098794,0.9675122725428672,0.07235209152121097
14,2,262144,1,0.06146653660191224,0.06291173648965206,0.9770281354739344,0.07235209152121097
15,2,1024,0,0.06070331695275382,0.05892891709578337,1.0301108512495882,0.06101452535577119
15,2,1024,1,0.060062783233635106,0.05789269219793682,1.0374847144485642,0.06101452535577119
15,2,4096,0,0.0562042216891423,0.06154570826559454,0.913211063338461,0.06101452535577119
15,2,4096,1,0.05713466443987563,0.062250503317556403,0.9178185138265708,0.06101452535577119
15,2,16384,0,0.061972582728322595,0.05976045489974827,1.0370165828269764,0.06101452535577119
15,2,16384,1,0.06054034535204991,0.05802418257060194,1.0433640366822297,0.06101452535577119
15,2,65536,0,0.06171887118844316,0.06286312971110158,0.9817976208324806,0.06101452535577119
15,2,65536,1,0.06177061291150747,0.06217270126548673,0.9935327186080869,0.06101452535577119
15,2,262144,0,0.06356518915910274,0.06079566523592841,1.0455546281536143,0.06101452535577119
15,2,262144,1,0.06416377356108278,0.06001881535487359,1.0690609799893795,0.06101452535577119
16,2,1024,0,0.06432877689832824,0.06276928495416276,1.0248448257026395,0.0622624330916442
16,2,1024,1,0.06263012477178127,0.062256421756664085,1.0060026420499695,0.0622624330916442
16,2,4096,0,0.06783019912894814,0.06110014043508778,1.1101480069593344,0.0622624330916442
16,2,4096,1,0.06631180359171701,0.060731481821996045,1.0918851574555168,0.0622624330916442
16,2,16384,0,0.06273924252754079,0.06241383268456737,1.0052137455589052,0.0622624330916442
16,2,16384,1,0.06260059492988511,0.06325662426368997,0.989629080883764,0.0622624330916442
16,2,65536,0,0.0575374989834614,0.06103414157164936,0.9427100554190122,0.0622624330916442
16,2,65536,1,0.058532722103036935,0.06067794513960975,0.9646457533847427,0.0622624330916442
16,2,262144,0,0.06618647279245779,0.06373241846732462,1.038505589214245,0.0622624330916442
16,2,262144,1,0.06728468284383415,0.06369462544068188,1.0563635844989097,0.0622624330916442
17,2,1024,0,0.06423544464763255,0.06262873778723572,1.0256544665781893,0.06190000807577744
17,2,1024,1,0.06399400435872377,0.0612697542249924,1.0444632130190612,0.06190000807577744
17,2,4096,0,0.06187660864749926,0.0653975321472938,0.9461612176455769,0.06190000807577744
17,2,4096,1,0.06199332087943331,0.06558911920538887,0.9451769078542508,0.06190000807577744
17,2,16384,0,0.06131310793515295,0.06363962217242711,0.9634423625116656,0.06190000807577744
17,2,16384,1,0.06173208826947957,0.06436102475078534,0.9591532842821354,0.06190000807577744
17,2,65536,0,0.06046234009517357,0.0628659150243509,0.9617666436852733,0.06190000807577744
17,2,65536,1,0.062487054264917984,0.062214976533667726,1.0043731870750288,0.06190000807577744
17,2,262144,0,0.060291187412198646,0.06898322365453144,0.8739978246615063,0.06190000807577744
17,2,262144,1,0.05978318633558229,0.06951162456583851,0.8600458802247983,0.06190000807577744
18,2,1024,0,0.07025256743868814,0.06637291574906702,1.0584523317355643,0.061321843203436595
18,2,1024,1,0.0694949316286482,0.0664790561449312,1.0453657987734073,0.061321843203436595
18,2,4096,0,0.0583428530935198,0.06496133556528333,0.8981165886727769,0.061321843203436595
18,2,4096,1,0.057872592991217955,0.06460946300054637,0.8957293607397503,0.061321843203436595
18,2,16384,0,0.06283095503831283,0.063229622363488,0.9936949279424231,0.061321843203436595
18,2,16384,1,0.0638436626155861,0.06344237247779257,1.0063252700383172,0.061321843203436595
18,2,65536,0,0.0637099541674368,0.05692196786117171,1.1192507315070426,0.061321843203436595
18,2,65536,1,0.062393935147207244,0.05659200420250804,1.1025220970075147,0.061321843203436595
18,2,262144,0,0.05800954400859774,0.06203738462605124,0.9350739777034041,0.061321843203436595
18,2,262144,1,0.05934283918235452,0.06243446702719574,0.9504820335297403,0.061321843203436595
19,2,1024,0,0.061756597749888925,0.05751013485829441,1.073838513890775,0.058729369573853926
19,2,1024,1,0.061935370632633574,0.05682645486142339,1.0899038270761172,0.058729369573853926
19,2,4096,0,0.060824048799555754,0.057443534633045176,1.058849341150499,0.058729369573853926
19,2,4096,1,0.06300430041374638,0.05763301880445605,1.0931979917192025,0.058729369573853926
19,2,16384,0,0.06032912877695634,0.06144016653870922,0.9819167521127585,0.058729369573853926
19,2,16384,1,0.05988064145268872,0.06148842721694057,0.9738522216777584,0.058729369573853926
19,2,65536,0,0.057887855599634344,0.05944244542093005,0.9738471422182048,0.058729369573853926
19,2,65536,1,0.05640999022936448,0.06144901231666629,0.9179966951895967,0.058729369573853926
19,2,262144,0,0.06001820157896727,0.06363598934034345,0.9431487150765078,0.058729369573853926
19,2,262144,1,0.059394788576196886,0.06258089749941625,0.9490881554830835,0.058729369573853926
20,2,1024,0,0.0638387160805054,0.06499995699124964,0.98213474339836,0.0618284476500936
20,2,1024,1,0.06460789083084092,0.06567639962330932,0.9837307038967288,0.0618284476500936
20,2,4096,0,0.06504864676203578,0.0683925150722335,0.9511076861749265,0.0618284476500936
20,2,4096,1,0.06655552885839716,0.06867408354876992,0.9691505939228409,0.0618284476500936
20,2,16384,0,0.06857239843355492,0.06455316342243342,1.0622624019960072,0.0618284476500936
20,2,16384,1,0.0685919428211637,0.06328442331759712,1.0838677074914695,0.0618284476500936
20,2,65536,0,0.06382795460317284,0.0642819088632807,0.9929380712530899,0.0618284476500936
20,2,65536,1,0.06487308782162143,0.06380480853594393,1.0167429275346183,0.0618284476500936
20,2,262144,0,0.06781417467072608,0.06433944429241417,1.0540062230335674,0.0618284476500936
20,2,262144,1,0.06848487908979878,0.06490225805480145,1.0552002525393227,0.0618284476500936
21,2,1024,0,0.06565693689277396,0.06001130854564321,1.094076074725763,0.06066359831243755
21,2,1024,1,0.06578287718053906,0.062181612028690395,1.0579152748595044,0.06066359831243755
21,2,4096,0,0.05988388682473453,0.06249609753433744,0.9582020188033712,0.06066359831243755
21,2,4096,1,0.06047293606316673,0.0616386110516406,0.9810885584768081,0.06066359831243755
21,2,16384,0,0.058076760226488146,0.061545375341101854,0.9436413362435494,0.06066359831243755
21,2,16384,1,0.05767001560023056,0.06364763628124856,0.9060825974022999,0.06066359831243755
21,2,65536,0,0.06278444935251029,0.058889382361075486,1.0661420927723866,0.06066359831243755
21,2,65536,1,0.06369676548633726,0.05918628666252096,1.076208173855119,0.06066359831243755
21,2,262144,0,0.06547362299840898,0.06303255515222281,1.0387270965026092,0.06066359831243755
21,2,262144,1,0.06217401729468257,0.06450818228578056,0.9638159856875628,0.06066359831243755
22,2,1024,0,0.06337717991648242,0.06165026148847517,1.0280115345225274,0.06503104507513344
22,2,1024,1,0.06283615314429626,0.0620196106834224,1.0131658753074393,0.06503104507513344
22,2,4096,0,0.05967868061112241,0.061125544929510556,0.9763296291254883,0.06503104507513344
22,2,4096,1,0.05831626724749804,0.061181113636935326,0.9531743340528577,0.06503104507513344
22,2,16384,0,0.06145780764427037,0.05997852190260877,1.0246635911445703,0.06503104507513344
22,2,16384,1,0.06101365473503248,0.05931159690433972,1.028696880872014,0.06503104507513344
22,2,65536,0,0.060434318709373464,0.06137382877166547,0.9846920082860179,0.06503104507513344
22,2,65536,1,0.06099167648246509,0.06122428465443114,0.9962007204611869,0.06503104507513344
22,2,262144,0,0.05961236767517403,0.06070051559578586,0.9820734978948452,0.06503104507513344
22,2,262144,1,0.06041705525731669,0.05953200594146348,1.0148667813532684,0.06503104507513344
23,2,1024,0,0.0675501631100662,0.06937112358442468,0.9737504543638771,0.06393632316533479
23,2,1024,1,0.06936974447807295,0.06892788254009447,1.0064104963288472,0.06393632316533479
23,2,4096,0,0.06810096943899989,0.06598345482447948,1.032091599631349,0.06393632316533479
23,2,4096,1,0.06584119841000066,0.06858555010410769,0.9599864448132105,0.06393632316533479
23,2,16384,0,0.06442953582881018,0.06781133626796926,0.9501292759400102,0.06393632316533479
23,2,16384,1,0.06434017663281413,0.06762121284585848,0.9514791871520639,0.06393632316533479
23,2,65536,0,0.063737215630617,0.06507404566355665,0.9794567861993508,0.06393632316533479
23,2,65536,1,0.06457247393736616,0.06527064690677048,0.9893034158156644,0.06393632316533479
23,2,262144,0,0.06498119917372243,0.06609232247992328,0.9831883150037832,0.06393632316533479
23,2,262144,1,0.06472278166441249,0.06555275240644129,0.9873388879709765,0.06393632316533479
24,2,1024,0,0.06612846845118331,0.060262520241397804,1.0973399085582194,0.057973137700278315
24,2,1024,1,0.06672458941759543,0.060885172261839704,1.0959086907177173,0.057973137700278315
24,2,4096,0,0.058037898696493354,0.05672282923421368,1.0231841302705413,0.057973137700278315
24,2,4096,1,0.0592050460556522,0.05605341543754436,1.0562254876622004,0.057973137700278315
24,2,16384,0,0.056311538057774294,0.05520370867904585,1.0200680245084504,0.057973137700278315
24,2,16384,1,0.056013160442840305,0.05482599015414734,1.0216534217686748,0.057973137700278315
24,2,65536,0,0.0599940625886433,0.05674360061742069,1.0572833224514255,0.057973137700278315
24,2,65536,1,0.05950267475694419,0.05634176047614785,1.0561025117795975,0.057973137700278315
24,2,262144,0,0.06352630248162897,0.0588738520543569,1.079024053377322,0.057973137700278315
24,2,262144,1,0.06453215105459095,0.057941715310883796,1.113742503278449,0.057973137700278315
25,2,1024,0,0.06034201807985083,0.051024976823491094,1.1825976577821848,0.055460829706490036
25,2,1024,1,0.05933154583917931,0.0523616734569897,1.1331101915204203,0.055460829706490036
25,2,4096,0,0.05017925160815939,0.06111997828072445,0.8209959005169434,0.055460829706490036
25,2,4096,1,0.050541615385562184,0.06079726504865614,0.8313139636316479,0.055460829706490036
25,2,16384,0,0.05083139964351431,0.0527470391175354,0.9636825212169255,0.055460829706490036
25,2,16384,1,0.05083699174989014,0.052547120069461356,0.9674553368993274,0.055460829706490036
25,2,65536,0,0.05212884953599423,0.059160500230552554,0.881142812059474,0.055460829706490036
25,2,65536,1,0.054447304250393055,0.05864594318896602,0.9284070012303439,0.055460829706490036
25,2,262144,0,0.05361432065330446,0.05646451786384775,0.9495223315743891,0.055460829706490036
25,2,262144,1,0.05472727180421351,0.056612886764191746,0.966692831477887,0.055460829706490036
26,2,1024,0,0.06138596048979088,0.057134134720470915,1.0744183103519822,0.06731361706219613
26,2,1024,1,0.06153772946717216,0.056307162833081695,1.0928934503341268,0.06731361706219613
26,2,4096,0,0.05846413017772138,0.06580990866474679,0.8883788378366128,0.06731361706219613
26,2,4096,1,0.057923647555708876,0.06562077410733483,0.8827028992520587,0.06731361706219613
26,2,16384,0,0.06037246428271755,0.06297460380728725,0.9586795411602321,0.06731361706219613
26,2,16384,1,0.05996942036952824,0.061912331657621555,0.9686183473296125,0.06731361706219613
26,2,65536,0,0.062311560603510584,0.05991926109262629,1.0399253840461442,0.06731361706219613
26,2,65536,1,0.06051126550389456,0.060950805656853915,0.9927886079893035,0.06731361706219613
26,2,262144,0,0.05860771455913784,0.058854529586275225,0.9958063546022302,0.06731361706219613
26,2,262144,1,0.06102985816486181,0.05892589439958716,1.0357052495632444,0.06731361706219613
27,2,1024,0,0.06183095570243894,0.05806607702864153,1.0648378341788158,0.057750816240720454
27,2,1024,1,0.061814638842456054,0.0581624801662524,1.0627923476743817,0.057750816240720454
27,2,4096,0,0.05641387674398722,0.06399529036477736,0.8815316943235106,0.057750816240720454
27,2,4096,1,0.05669455997524781,0.06343595477878317,0.8937291189666134,0.057750816240720454
27,2,16384,0,0.0608100207111798,0.05763926769948008,1.055010293125711,0.057750816240720454
27,2,16384,1,0.060225133381411444,0.05663561731276705,1.0633791285229839,0.057750816240720454
27,2,65536,0,0.05620028564557435,0.0660615251383379,0.8507264330922822,0.057750816240720454
27,2,65536,1,0.05595684955464676,0.06660371929338257,0.8401460180949138,0.057750816240720454
27,2,262144,0,0.056526494559459364,0.05984434565928981,0.944558653565704,0.057750816240720454
27,2,262144,1,0.05738788302494214,0.059982584531213745,0.956742419044625,0.057750816240720454
28,2,1024,0,0.05543695234740153,0.057466978772595365,0.9646749060320897,0.053484858494717645
28,2,1024,1,0.054643972660787396,0.056748048434011274,0.9629224998693907,0.053484858494717645
28,2,4096,0,0.057665617426112294,0.05597266819680938,1.0302459983388716,0.053484858494717645
28,2,4096,1,0.0536272590986453,0.05287948149599968,1.0141411674526761,0.053484858494717645
28,2,16384,0,0.05470846016835422,0.0568470129892988,0.9623805595318236,0.053484858494717645
28,2,16384,1,0.054627406280860324,0.056180659517962334,0.9723525275347579,0.053484858494717645
28,2,65536,0,0.05698347582975403,0.05289468780871931,1.0773005417069634,0.053484858494717645
28,2,65536,1,0.054890198184549814,0.05022963485849488,1.0927851325056315,0.053484858494717645
28,2,262144,0,0.05641662030564622,0.05153342739670816,1.0947577748195725,0.053484858494717645
28,2,262144,1,0.0546782472045161,0.05255429588674848,1.0404144186870015,0.053484858494717645
29,2,1024,0,0.08663920851331204,0.054082333753652956,1.601987238715638,0.05869868015283719
29,2,1024,1,0.08649260986456649,0.05390467798830598,1.6045473805321702,0.05869868015283719
29,2,4096,0,0.061338891957141456,0.05336549728659658,1.149411044138204,0.05869868015283719
29,2,4096,1,0.06344081743480638,0.05582248782929623,1.136474204245551,0.05869868015283719
29,2,16384,0,0.05589455953137949,0.05977882088525646,0.9350227840503464,0.05869868015283719
29,2,16384,1,0.05820010777907447,0.062069414155960664,0.9376616256250807,0.05869868015283719
29,2,65536,0,0.06088682538038121,0.05488625400099349,1.1093273987924026,0.05869868015283719
29,2,65536,1,0.060061714536324154,0.057567894365940564,1.0433196349779823,0.05869868015283719
29,2,262144,0,0.0555484539913945,0.053366063043500535,1.0408947339082335,0.05869868015283719
29,2,262144,1,0.057121777136158194,0.05313415135783313,1.0750482632435459,0.05869868015283719
30,2,1024,0,0.06405298250708728,0.05393641094923185,1.1875647893475476,0.052293444015923896
30,2,1024,1,0.06365214724019172,0.05275794824568983,1.2064939853947394,0.052293444015923896
30,2,4096,0,0.054219187962170706,0.059755411532840044,0.9073519296636963,0.052293444015923896
30,2,4096,1,0.053101126344129446,0.060292128451639275,0.8807306643142018,0.052293444015923896
30,2,16384,0,0.057194473188743,0.05863826821464371,0.9753779388467657,0.052293444015923896
30,2,16384,1,0.05885730851823466,0.0573511376322351,1.0262622669432977,0.052293444015923896
30,2,65536,0,0.05362701985910534,0.05766340688923893,0.9300008922836147,0.052293444015923896
30,2,65536,1,0.051641062607429934,0.05652616599151008,0.9135780165098433,0.052293444015923896
30,2,262144,0,0.05631631744718181,0.054010355221938255,1.0426948168692456,0.052293444015923896
30,2,262144,1,0.05538990585217253,0.054809057614196986,1.010597668766067,0.052293444015923896
31,2,1024,0,0.062260473611764615,0.0676390058166534,0.9204817968574497,0.06383679230837151
31,2,1024,1,0.062635849333182,0.0666835787742796,0.9392994569952678,0.06383679230837151
31,2,4096,0,0.060934074758086355,0.06332769225669674,0.9622026729016442,0.06383679230837151
31,2,4096,1,0.0614456285106018,0.06264547575004392,0.9808470248637025,0.06383679230837151
31,2,16384,0,0.06614361084187403,0.0626779207643039,1.0552936350681228,0.06383679230837151
31,2,16384,1,0.0665197635339573,0.06258580112794622,1.062857107125125,0.06383679230837151
31,2,65536,0,0.06242860464565455,0.06003231213504413,1.0399167119403947,0.06383679230837151
31,2,65536,1,0.06309468322023751,0.059878338734750014,1.0537146579789949,0.06383679230837151
31,2,262144,0,0.060456666995771235,0.06065807254894376,0.9966796578804905,0.06383679230837151
31,2,262144,1,0.061101838329154994,0.060244604376804047,1.0142292236992598,0.06383679230837151
32,2,1024,0,0.062332881777733565,0.061001823085118895,1.021819982179178,0.06046650323960931
32,2,1024,1,0.06233635719493032,0.0610491871347065,1.0210841474004173,0.06046650323960931
32,2,4096,0,0.05895017585745081,0.06395760745367615,0.9217070213288987,0.06046650323960931
32,2,4096,1,0.058989744359441126,0.06437430101766975,0.9163554932153648,0.06046650323960931
32,2,16384,0,0.06352327080424876,0.05956905622570528,1.066380346258317,0.06046650323960931
32,2,16384,1,0.06463103754334151,0.059234907507481116,1.0910971294279288,0.06046650323960931
32,2,65536,0,0.06585237563243135,0.06030907660455907,1.0919148383620456,0.06046650323960931
32,2,65536,1,0.06596169487126172,0.061308966264984235,1.075889855754016,0.06046650323960931
32,2,262144,0,0.057667856073193274,0.06311733772624423,0.9136610977369368,0.06046650323960931
32,2,262144,1,0.055945240250229844,0.061637608759483015,0.9076478042575363,0.06046650323960931
33,2,1024,0,0.05860933144940064,0.05349447529718765,1.0956146615850981,0.05629697564989328
33,2,1024,1,0.0585007397829555,0.05521234799295053,1.0595589919563797,0.05629697564989328
33,2,4096,0,0.05088057712083684,0.05199331311118824,0.9785984788472355,0.05629697564989328
33,2,4096,1,0.05130328769478948,0.05212063601946865,0.9843181436931456,0.05629697564989328
33,2,16384,0,0.05275229003168641,0.05054806694292527,1.043606476410858,0.05629697564989328
33,2,16384,1,0.05255104356482625,0.05165559620859109,1.0173349534602067,0.05629697564989328
33,2,65536,0,0.054242316337674845,0.05444526015841671,0.996272516282384,0.05629697564989328
33,2,65536,1,0.05268651978429405,0.05460908046250419,0.9647941210156392,0.05629697564989328
33,2,262144,0,0.054216282430291175,0.05785902990218565,0.9370409860301362,0.05629697564989328
33,2,262144,1,0.05442293848218397,0.05720390628425903,0.9513850017819446,0.05629697564989328
34,2,1024,0,0.05664948737025262,0.04815851129111849,1.1763130929817602,0.056777945854514844
34,2,1024,1,0.057699748762883245,0.0471517402053071,1.22370348393608,0.056777945854514844
34,2,4096,0,0.04514194116387517,0.0473277062166529,0.9538163746459227,0.056777945854514844
34,2,4096,1,0.04672359000742436,0.04687366983673355,0.9967982061180204,0.056777945854514844
34,2,16384,0,0.04588463549381122,0.04455278950035033,1.0298936611690817,0.056777945854514844
34,2,16384,1,0.045134977220557634,0.0443233714187523,1.0183110123581882,0.056777945854514844
34,2,65536,0,0.05164626956889408,0.04991527530207604,1.0346786480960477,0.056777945854514844
34,2,65536,1,0.05180953961592168,0.04993376262406975,1.0375653043808029,0.056777945854514844
34,2,262144,0,0.04358130538193509,0.04854096030010299,0.8978253646506993,0.056777945854514844
34,2,262144,1,0.044259555128402996,0.04757022856005008,0.9304045086210198,0.056777945854514844
35,2,1024,0,0.061865525898430494,0.0681994522537499,0.9071264336295144,0.06585474653691054
35,2,1024,1,0.0626662265312858,0.06802715437935734,0.9211942951754821,0.06585474653691054
35,2,4096,0,0.06366865218319001,0.05757855194719247,1.105770291715273,0.06585474653691054
35,2,4096,1,0.06469561650706457,0.058962826203016724,1.0972271967478135,0.06585474653691054
35,2,16384,0,0.05749833243405447,0.06424798285694869,0.8949437768665416,0.06585474653691054
35,2,16384,1,0.05914838795410471,0.06399707611556775,0.92423578613643,0.06585474653691054
35,2,65536,0,0.06272686215769499,0.06484756399371924,0.9672971241259016,0.06585474653691054
35,2,65536,1,0.06308487098906188,0.06518054229545214,0.9678482069558282,0.06585474653691054
35,2,262144,0,0.05984881326081233,0.05934585321392069,1.0084750664057125,0.06585474653691054
35,2,262144,1,0.060472601323481645,0.06117856489926349,0.9884606058193048,0.06585474653691054
36,2,1024,0,0.06181550379777328,0.05517425602423836,1.120368596734995,0.05248680672254414
36,2,1024,1,0.061372614858020105,0.05631785359432146,1.08975415327633,0.05248680672254414
36,2,4096,0,0.05100098177632317,0.056113755077848895,0.908885561224114,0.05248680672254414
36,2,4096,1,0.05074383314931765,0.05627653582941039,0.9016872201077928,0.05248680672254414
36,2,16384,0,0.047604218028765174,0.05574181839161337,0.8540126497905468,0.05248680672254414
36,2,16384,1,0.04723275279160588,0.056214929654021834,0.8402172355689619,0.05248680672254414
36,2,65536,0,0.05852238099751993,0.051607256588811476,1.1339951949743374,0.05248680672254414
36,2,65536,1,0.05782638581385837,0.05145224704329543,1.1238845558134576,0.05248680672254414
36,2,262144,0,0.04975389825748281,0.058201586554256016,0.8548546732673997,0.05248680672254414
36,2,262144,1,0.04946047714864834,0.05742973873440525,0.8612345840086043,0.05248680672254414
37,2,1024,0,0.05736340053984896,0.04991558163279924,1.1492082965563564,0.0490350252549164
37,2,1024,1,0.05655053945221007,0.05070454685946846,1.1152952339549396,0.0490350252549164
37,2,4096,0,0.054009695919416845,0.05220108577336213,1.034646983281287,0.0490350252549164
37,2,4096,1,0.054871448995079855,0.049443330481889106,1.1097846455788218,0.0490350252549164
37,2,16384,0,0.054987131977081306,0.05427465248930388,1.0131272970917287,0.0490350252549164
37,2,16384,1,0.05294441958367825,0.05129325892210566,1.0321905976783432,0.0490350252549164
37,2,65536,0,0.04415665005324408,0.052496718427227515,0.8411316245310708,0.0490350252549164
37,2,65536,1,0.04429626182084903,0.05001799663894367,0.8856064776165038,0.0490350252549164
37,2,262144,0,0.057464361444301906,0.0569181756067276,1.0095959828605214,0.0490350252549164
37,2,262144,1,0.05675088871223854,0.05651686189113969,1.0041408318379321,0.0490350252549164
38,2,1024,0,0.06750032437341288,0.06281855627803831,1.0745284255603202,0.06322974569592626
38,2,1024,1,0.06639611996896565,0.0619235835786113,1.0722267047848824,0.06322974569592626
38,2,4096,0,0.07011325107105076,0.06463334719500323,1.0847844667477036,0.06322974569592626
38,2,4096,1,0.06986811284348368,0.06331846762544899,1.1034397303607875,0.06322974569592626
38,2,16384,0,0.06439555034236982,0.0624968735501545,1.030380348397614,0.06322974569592626
38,2,16384,1,0.06513548468453809,0.060986221574494306,1.0680360744266717,0.06322974569592626
38,2,65536,0,0.06756413617851212,0.05868793953074055,1.1512439645818924,0.06322974569592626
38,2,65536,1,0.06956929305065424,0.058199408090113064,1.195360834992284,0.06322974569592626
38,2,262144,0,0.06461335295811296,0.06409113035574275,1.0081481259492784,0.06322974569592626
38,2,262144,1,0.06508640609551222,0.0655408890024928,0.9930656584935353,0.06322974569592626
39,2,1024,0,0.05522197212381289,0.0566475874391211,0.9748336093423164,0.04497970754066484
39,2,1024,1,0.05523159097116441,0.05610938181002405,0.9843557207272097,0.04497970754066484
39,2,4096,0,0.05128350347988307,0.053342106233916574,0.9614075465073297,0.04497970754066484
39,2,4096,1,0.0528581774414517,0.05131808829458655,1.0300106492280932,0.04497970754066484
39,2,16384,0,0.05290487544145435,0.0507733724150246,1.041980725822321,0.04497970754066484
39,2,16384,1,0.049620619783364225,0.052949320987164136,0.9371342041457558,0.04497970754066484
39,2,65536,0,0.05017299204869198,0.05441457981501453,0.9220505279882327,0.04497970754066484
39,2,65536,1,0.050866258492879575,0.05239177986099444,0.970882429034433,0.04497970754066484
39,2,262144,0,0.05392969275182113,0.05005703987217239,1.0773648000268912,0.04497970754066484
39,2,262144,1,0.053995196394529196,0.04996242205277662,1.0807161497793811,0.04497970754066484
40,2,1024,0,0.05915112074706704,0.05246786110639838,1.1273781606442053,0.05239157283380626
40,2,1024,1,0.05755065192133187,0.053231737146456785,1.0811342068922611,0.05239157283380626
40,2,4096,0,0.04662471853550524,0.05363355203688694,0.8693199828241599,0.05239157283380626
40,2,4096,1,0.046867929109837836,0.05331838902125391,0.879019977350689,0.05239157283380626
40,2,16384,0,0.051297968627233057,0.04769082699137912,1.0756359632116672,0.05239157283380626
40,2,16384,1,0.05093872415339576,0.048185704256352546,1.057133540736416,0.05239157283380626
40,2,65536,0,0.05220357333477588,0.052461047208129136,0.9950920942860371,0.05239157283380626
40,2,65536,1,0.05229065663609653,0.0524300763611255,0.9973408445170158,0.05239157283380626
40,2,262144,0,0.049028230481035995,0.04854622480096747,1.0099287984193348,0.05239157283380626
40,2,262144,1,0.04845506174033508,0.04927768401426245,0.9833063933424859,0.05239157283380626
41,2,1024,0,0.050391738981381065,0.05471121205405932,0.9210495817857178,0.04861080544088035
41,2,1024,1,0.050069013374671345,0.05406408145594227,0.9261049485409907,0.04861080544088035
41,2,4096,0,0.05074814649904147,0.05218036019297069,0.9725526292146569,0.04861080544088035
41,2,4096,1,0.04936359036108479,0.0519370722269446,0.9504500012127233,0.04861080544088035
41,2,16384,0,0.05243578054225072,0.05054264018545139,1.0374563012508449,0.04861080544088035
41,2,16384,1,0.04994767556237058,0.05012523827812668,0.9964576185200185,0.04861080544088035
41,2,65536,0,0.04705649530971423,0.046574139644745,1.010356727330843,0.04861080544088035
41,2,65536,1,0.04639944545943291,0.0496300735947553,0.9349058362939082,0.04861080544088035
41,2,262144,0,0.05499988287445158,0.049317360629016524,1.1152235677854112,0.04861080544088035
41,2,262144,1,0.0544362882499583,0.050945221907665775,1.068525883518965,0.04861080544088035
42,2,1024,0,0.07385196069208905,0.0575494029415958,1.2832793550792865,0.05225518293138595
42,2,1024,1,0.0741301600601524,0.055519362993596014,1.3352127269310183,0.05225518293138595
42,2,4096,0,0.04566052883034573,0.05054223070340995,0.9034134068654223,0.05225518293138595
42,2,4096,1,0.0467652518907562,0.048537465543240045,0.9634877175260613,0.05225518293138595
42,2,16384,0,0.05371232650931924,0.049608621452928534,1.082721610401622,0.05225518293138595
42,2,16384,1,0.05456293667368592,0.04989087032538243,1.093645717499671,0.05225518293138595
42,2,65536,0,0.04546986696682871,0.049116854104303574,0.9257487637597841,0.05225518293138595
42,2,65536,1,0.04464637179179118,0.04683605240491639,0.9532479681636158,0.05225518293138595
42,2,262144,0,0.05063635960454123,0.04577725865453183,1.1061466128122628,0.05225518293138595
42,2,262144,1,0.052229308449011295,0.04485305995154219,1.1644536293719574,0.05225518293138595
43,2,1024,0,0.060229257283452915,0.05984547997770236,1.0064128035382713,0.06046222671549767
43,2,1024,1,0.06062295528259131,0.0610473350583083,0.9930483488704028,0.06046222671549767
43,2,4096,0,0.05724141321573405,0.057869276879461355,0.9891503108802429,0.06046222671549767
43,2,4096,1,0.05445735619887711,0.057567875203559216,0.9459677989906115,0.06046222671549767
43,2,16384,0,0.06330087824203073,0.05444928172883823,1.1625659004516196,0.06046222671549767
43,2,16384,1,0.06427329014614226,0.05322746359602633,1.2075211893234108,0.06046222671549767
43,2,65536,0,0.05618295184019952,0.05805668349416371,0.9677258234333598,0.06046222671549767
43,2,65536,1,0.05497993666669353,0.05855688917460664,0.9389149157625629,0.06046222671549767
43,2,262144,0,0.06277031346457079,0.05744167304678821,1.0927661075164405,0.06046222671549767
43,2,262144,1,0.06269253550637514,0.05714985507727152,1.0969850303488862,0.06046222671549767
44,2,1024,0,0.06383369224658235,0.06269833984487454,1.0181081732708848,0.06273678739042951
44,2,1024,1,0.06321475012451411,0.0628111177398488,1.0064261296278323,0.06273678739042951
44,2,4096,0,0.0652590897492133,0.06231374491939942,1.0472663749165383,0.06273678739042951
44,2,4096,1,0.06573474864102899,0.06220926002720398,1.0566714442879295,0.06273678739042951
44,2,16384,0,0.06297091450542212,0.062431026326644275,1.0086477543385737,0.06273678739042951
44,2,16384,1,0.06338384384280071,0.06343346206708184,0.9992177910102298,0.06273678739042951
44,2,65536,0,0.06159544579340143,0.06192459030591241,0.9946847526824969,0.06273678739042951
44,2,65536,1,0.061553169536869984,0.06195612883091333,0.9934960543589952,0.06273678739042951
44,2,262144,0,0.06032196467220784,0.05879442968574852,1.0259809474234867,0.06273678739042951
44,2,262144,1,0.06007269011838363,0.05870673920490435,1.0232673613281722,0.06273678739042951
45,2,1024,0,0.06289063975382597,0.06212052348256645,1.012397131062098,0.060181615872960545
45,2,1024,1,0.06400495154121891,0.06298287700221243,1.0162278159978397,0.060181615872960545
45,2,4096,0,0.06630349178733301,0.058584037400361735,1.1317671968255913,0.060181615872960545
45,2,4096,1,0.06527773349657658,0.05937450185076494,1.0994236829245176,0.060181615872960545
45,2,16384,0,0.0581326356396079,0.055829782497343224,1.0412477541422316,0.060181615872960545
45,2,16384,1,0.05840804619360716,0.05591605854978755,1.044566582632085,0.060181615872960545
45,2,65536,0,0.06290071828328073,0.05971512361421473,1.0533465305982836,0.060181615872960545
45,2,65536,1,0.06230573343168946,0.05988482974791491,1.040425992592203,0.060181615872960545
45,2,262144,0,0.06127794854585081,0.05886809528460095,1.0409364911434504,0.060181615872960545
45,2,262144,1,0.06164615237154067,0.05840795755665106,1.0554409869879258,0.060181615872960545
46,2,1024,0,0.06080058579724282,0.05824936221412693,1.043798309305731,0.05597397224707529
46,2,1024,1,0.05847783109648154,0.0563899549165401,1.037025675637294,0.05597397224707529
46,2,4096,0,0.05319807679504154,0.05742671812379723,0.9263645657124298,0.05597397224707529
46,2,4096,1,0.053814748970977974,0.05746525710279882,0.9364745184157012,0.05597397224707529
46,2,16384,0,0.05641070667579769,0.0548053437178522,1.0292920881257526,0.05597397224707529
46,2,16384,1,0.057061600377317515,0.055300615914834136,1.0318438489942932,0.05597397224707529
46,2,65536,0,0.05655230736238882,0.06433970746209516,0.878964322237645,0.05597397224707529
46,2,65536,1,0.05744242080505939,0.06228066434664378,0.9223154795739568,0.05597397224707529
46,2,262144,0,0.058379437375906854,0.0536366346160959,1.0884246894637883,0.05597397224707529
46,2,262144,1,0.05432043753033503,0.05424255834162901,1.0014357580299869,0.05597397224707529
47,2,1024,0,0.06809336672956126,0.0658398209747955,1.0342277017373491,0.05974040120020509
47,2,1024,1,0.06739492115667091,0.0643654488246505,1.0470667475693913,0.05974040120020509
47,2,4096,0,0.06662109900107607,0.06269339471455206,1.0626494115433878,0.05974040120020509
47,2,4096,1,0.06727417148100212,0.06343300957926216,1.0605546217532098,0.05974040120020509
47,2,16384,0,0.05888910880954937,0.062282487168925274,0.945516331899652,0.05974040120020509
47,2,16384,1,0.05916143707586452,0.06227706803037973,0.9499714573429282,0.05974040120020509
47,2,65536,0,0.05924847419634462,0.06130524439772418,0.96645033844028,0.05974040120020509
47,2,65536,1,0.058931777254026395,0.06182163040567615,0.9532549832043183,0.05974040120020509
47,2,262144,0,0.060299929337855426,0.06406210079444216,0.9412730552084372,0.05974040120020509
47,2,262144,1,0.059366003597900265,0.06372610229779341,0.9315806468200689,0.05974040120020509
48,2,1024,0,0.06075398090481758,0.04391801128212497,1.3833499999474022,0.04402989811040463
48,2,1024,1,0.06121951856659725,0.044249599683136444,1.3835044611698049,0.04402989811040463
48,2,4096,0,0.04714627862581983,0.045037304141412805,1.0468272807312144,0.04402989811040463
48,2,4096,1,0.047520763118285694,0.04457757198747851,1.0660240340508877,0.04402989811040463
48,2,16384,0,0.03978510697884485,0.04576041170407234,0.8694219631617578,0.04402989811040463
48,2,16384,1,0.04019036276051774,0.04707935641865035,0.8536727308488958,0.04402989811040463
48,2,65536,0,0.03729451692523436,0.04454959807902763,0.8371459796130304,0.04402989811040463
48,2,65536,1,0.03753909031813965,0.044394486666677876,0.8455800063640824,0.04402989811040463
48,2,262144,0,0.04676986088231205,0.0463369737811722,1.009342153054366,0.04402989811040463
48,2,262144,1,0.046587739392928804,0.047228754479500965,0.9864274403668556,0.04402989811040463
49,2,1024,0,0.09693703970611096,0.050451002332637655,1.9214095899815387,0.04523723321463915
49,2,1024,1,0.09609348654411734,0.049498557386337655,1.9413391342722361,0.04523723321463915
49,2,4096,0,0.04327458120835946,0.05229491085113328,0.8275103734577197,0.04523723321463915
49,2,4096,1,0.04118668497856706,0.05076253278423007,0.8113599286630188,0.04523723321463915
49,2,16384,0,0.04037617330364883,0.05095614974841165,0.7923709601883213,0.04523723321463915
49,2,16384,1,0.04194573568012566,0.0520302746971779,0.8061794008248967,0.04523723321463915
49,2,65536,0,0.038512477381806826,0.045477178505513555,0.8468528314072443,0.04523723321463915
49,2,65536,1,0.03918568022688851,0.044992658554754573,0.8709349810747643,0.04523723321463915
49,2,262144,0,0.04630328710917382,0.04947296457217025,0.935931119341503,0.04523723321463915
49,2,262144,1,0.04636751855425539,0.046102616181190784,1.0057459292987516,0.04523723321463915
50,2,1024,0,0.07580723696108907,0.040960985777635836,1.850718080190317,0.04508175293710082
50,2,1024,1,0.0772288728609681,0.03902490390699263,1.978963818720126,0.04508175293710082
50,2,4096,0,0.04850345516297966,0.04403201036023697,1.1015498671571131,0.04508175293710082
50,2,4096,1,0.05099950593542307,0.04411827355081409,1.1559723858342597,0.04508175293710082
50,2,16384,0,0.0421134411353618,0.03386603272346472,1.2435303975296375,0.04508175293710082
50,2,16384,1,0.042150290879886594,0.033005866768619316,1.277054505957148,0.04508175293710082
50,2,65536,0,0.038948699411377304,0.0359124654551984,1.084545405549131,0.04508175293710082
50,2,65536,1,0.03946227261479944,0.038036232055879,1.0374916357862536,0.04508175293710082
50,2,262144,0,0.0428841513145715,0.04031374677632889,1.0637600010860784,0.04508175293710082
50,2,262144,1,0.04294620294561611,0.03926093496522817,1.0938660269718954,0.04508175293710082
51,2,1024,0,0.10469638407705353,0.029193316178215613,3.5863135053899486,0.024980363625381148
51,2,1024,1,0.10844521341165528,0.02587168005539925,4.191657178020161,0.024980363625381148
51,2,4096,0,0.052691174894291905,0.02778435357629618,1.8964333559030369,0.024980363625381148
51,2,4096,1,0.05084475903408602,0.027542823270798808,1.8460256791464138,0.024980363625381148
51,2,16384,0,0.025845370454061774,0.022945788814825285,1.1263666140500286,0.024980363625381148
51,2,16384,1,0.02705040600737557,0.023295875838367633,1.1611671608767908,0.024980363625381148
51,2,65536,0,0.01975044609326869,0.0278876042950408,0.7082159472831043,0.024980363625381148
51,2,65536,1,0.0211694933982566,0.027665567169237758,0.7651928214143264,0.024980363625381148
51,2,262144,0,0.03129826966235414,0.025256111887255767,1.2392354691043022,0.024980363625381148
51,2,262144,1,0.03066225531520322,0.022216176208262092,1.380176994806157,0.024980363625381148
52,2,1024,0,0.143824209048599,0.04245320020045519,3.3878296187211085,0.04219133324939758
52,2,1024,1,0.14311750766765324,0.04336270155920281,3.30047489020618,0.04219133324939758
52,2,4096,0,0.046538050284050406,0.043559051206692005,1.0683898981918305,0.04219133324939758
52,2,4096,1,0.04680914078932255,0.04240009412978445,1.103986718662516,0.04219133324939758
52,2,16384,0,0.04535525734545663,0.03299250867875797,1.3747138111585417,0.04219133324939758
52,2,16384,1,0.04541306543219835,0.034834609140466606,1.3036766179598949,0.04219133324939758
52,2,65536,0,0.042147941100783654,0.04095327067261645,1.0291715511007042,0.04219133324939758
52,2,65536,1,0.0409254010857083,0.04262581526737219,0.9601083481688744,0.04219133324939758
52,2,262144,0,0.04364396512042731,0.04475598184505494,0.975153785510115,0.04219133324939758
52,2,262144,1,0.043111864339746536,0.04516549219818507,0.9545310422074609,0.04219133324939758
53,2,1024,0,0.06947728132288904,0.04915954107004731,1.4133020734243842,0.04343673346545547
53,2,1024,1,0.07078067230321469,0.051051235792536086,1.3864634460731926,0.04343673346545547
53,2,4096,0,0.04735917129889132,0.04757646196116612,0.9954328116611075,0.04343673346545547
53,2,4096,1,0.050989302967023115,0.04664184201341856,1.093209460988994,0.04343673346545547
53,2,16384,0,0.05161565548973159,0.05058965946696025,1.0202807457804972,0.04343673346545547
53,2,16384,1,0.047901271921675655,0.051333981171846385,0.9331298844973792,0.04343673346545547
53,2,65536,0,0.04958545967619865,0.047164606845156845,1.0513277432586168,0.04343673346545547
53,2,65536,1,0.04934852998880671,0.04771837897128602,1.0341619110427371,0.04343673346545547
53,2,262144,0,0.046243663027416934,0.04859543257400592,0.9516051319636372,0.04343673346545547
53,2,262144,1,0.04566279982104897,0.051232381383011213,0.8912878649867106,0.04343673346545547
54,2,1024,0,0.10220117695275695,0.04331808118708057,2.3593191146065355,0.05524058337779716
54,2,1024,1,0.09969862467925997,0.04356702690022574,2.2883963348608343,0.05524058337779716
54,2,4096,0,0.06309027869347483,0.045283555049014525,1.3932271577438313,0.05524058337779716
54,2,4096,1,0.06340311014316977,0.04295898653101779,1.4758986480602994,0.05524058337779716
54,2,16384,0,0.045633838649466636,0.04195849349096825,1.0875947836232376,0.05524058337779716
54,2,16384,1,0.04582049075625838,0.04400218635434651,1.0413230467065704,0.05524058337779716
54,2,65536,0,0.05012024032780901,0.05595862713131658,0.8956660107152596,0.05524058337779716
54,2,65536,1,0.051715964499395334,0.056466684125344085,0.9158668567220424,0.05524058337779716
54,2,262144,0,0.04574219701969996,0.04895493728998773,0.9343735188290224,0.05524058337779716
54,2,262144,1,0.04369630801901221,0.051656542992721724,0.845900741464037,0.05524058337779716
55,2,1024,0,0.08842622131127864,0.048055194959942885,1.8400970256178883,0.04653130141887815
55,2,1024,1,0.08842268864391373,0.04526484991277991,1.9534514930303302,0.04653130141887815
55,2,4096,0,0.04806148642227055,0.04197965285578259,1.1448757470049018,0.04653130141887815
55,2,4096,1,0.04828766542617233,0.040914189709760324,1.1802180556114745,0.04653130141887815
55,2,16384,0,0.044529691863432516,0.0476359602459029,0.9347915237472819,0.04653130141887815
55,2,16384,1,0.04343135439865292,0.046988997970055214,0.9242877327652426,0.04653130141887815
55,2,65536,0,0.044562863782234494,0.0407922092856426,1.0924356528519534,0.04653130141887815
55,2,65536,1,0.044721825214847924,0.039579316327679956,1.129929199498869,0.04653130141887815
55,2,262144,0,0.03770760287074372,0.04057353943102911,0.9293643936300606,0.04653130141887815
55,2,262144,1,0.0386898938369937,0.03741886281211909,1.03396765506361,0.04653130141887815
56,2,1024,0,0.07630683311140167,0.04312353212742927,1.7694940406531714,0.03744020424885676
56,2,1024,1,0.0746003076360561,0.04526309869457004,1.6481484871252414,0.03744020424885676
56,2,4096,0,0.05340961066922173,0.04098036709415881,1.3032975167475875,0.03744020424885676
56,2,4096,1,0.05376758119361475,0.0368042234979815,1.4609079090220065,0.03744020424885676
56,2,16384,0,0.03831943912710994,0.03643991187459747,1.0515788089439015,0.03744020424885676
56,2,16384,1,0.03835007595568894,0.03395562882910552,1.1294173389837698,0.03744020424885676
56,2,65536,0,0.041534800400212415,0.037506240532509325,1.1074103885248443,0.03744020424885676
56,2,65536,1,0.038462791802268484,0.03850614631253876,0.9988740885696953,0.03744020424885676
56,2,262144,0,0.04635709516545755,0.04332872311230761,1.0698929448093921,0.03744020424885676
56,2,262144,1,0.046258195775840436,0.04078975884882595,1.1340639680484867,0.03744020424885676
57,2,1024,0,0.0712935151851736,0.049338439321649274,1.4449892652743606,0.05582484546666967
57,2,1024,1,0.07142921006474645,0.049332105796065034,1.4479254212262713,0.05582484546666967
57,2,4096,0,0.045891815767157826,0.04618787802962475,0.9935900440743991,0.05582484546666967
57,2,4096,1,0.04596782503388823,0.04475582496528298,1.027080275462365,0.05582484546666967
57,2,16384,0,0.04455603457326069,0.04610850509691043,0.966330061658109,0.05582484546666967
57,2,16384,1,0.04391106561785564,0.045838565039583,0.9579502669845161,0.05582484546666967
57,2,65536,0,0.04969657045649365,0.0456767125270688,1.0880067261198496,0.05582484546666967
57,2,65536,1,0.049642398547660546,0.04600077613093112,1.0791643690176953,0.05582484546666967
57,2,262144,0,0.0525846748542972,0.05332606421553373,0.9860970545615372,0.05582484546666967
57,2,262144,1,0.05302533949185165,0.05299184871236794,1.0006319986997527,0.05582484546666967
58,2,1024,0,0.104058711397741,0.04523990673112589,2.3001530930687504,0.04404215759560466
58,2,1024,1,0.10585268033826725,0.04757519380401726,2.224955315459567,0.04404215759560466
58,2,4096,0,0.05636700800592079,0.04728637834382818,1.1920347884556868,0.04404215759560466
58,2,4096,1,0.055483171979244794,0.04595734056122405,1.2072755146771492,0.04404215759560466
58,2,16384,0,0.04045007533812896,0.036505600115796254,1.1080512362437756,0.04404215759560466
58,2,16384,1,0.03987672043647615,0.037392952323314826,1.0664234289843082,0.04404215759560466
58,2,65536,0,0.03827657886594535,0.04606440400539212,0.830936157590682,0.04404215759560466
58,2,65536,1,0.03676546582663433,0.0444239180717224,0.8276052050896658,0.04404215759560466
58,2,262144,0,0.04437474012672904,0.041320262767368915,1.0739220216617857,0.04404215759560466
58,2,262144,1,0.0435857980565168,0.042656637207595896,1.0217823276691733,0.04404215759560466
59,2,1024,0,0.10778988264454528,0.04838940451427329,2.227551335391011,0.035800870972126725
59,2,1024,1,0.10514564722934738,0.04496267823291969,2.3385094340835857,0.035800870972126725
59,2,4096,0,0.043379595509544025,0.039623252383260296,1.0948014839859708,0.035800870972126725
59,2,4096,1,0.041494032154791055,0.03795265660252931,1.0933103468710996,0.035800870972126725
59,2,16384,0,0.04706287327455359,0.03703180468389261,1.2708771197160722,0.035800870972126725
59,2,16384,1,0.04389482992133126,0.035328139527595184,1.242489146280815,0.035800870972126725
59,2,65536,0,0.029417356882337486,0.04748924221992777,0.6194530699416628,0.035800870972126725
59,2,65536,1,0.02898618934173137,0.04755372116403382,0.6095461854971387,0.035800870972126725
59,2,262144,0,0.02997707063807175,0.035809057158422704,0.8371365519469087,0.035800870972126725
59,2,262144,1,0.033309105875995004,0.03451879472207814,0.9649556464580318,0.035800870972126725
60,2,1024,0,0.11365204770173876,0.04290513834199163,2.6489146077523893,0.041650142787396906
60,2,1024,1,0.11805735876951368,0.04546857643108556,2.5964604136759655,0.041650142787396906
60,2,4096,0,0.05661006144229323,0.04394826203404435,1.2881069426235892,0.041650142787396906
60,2,4096,1,0.05996896737441422,0.04287363088640399,1.398737782048487,0.041650142787396906
60,2,16384,0,0.04325111373085529,0.04726738220477831,0.9150308672368783,0.041650142787396906
60,2,16384,1,0.0445834663384594,0.045745990894735133,0.974587400260915,0.041650142787396906
60,2,65536,0,0.04507493662107736,0.048457065096340554,0.9302036046025699,0.041650142787396906
60,2,65536,1,0.04585127009842546,0.049446269198159754,0.9272948362326983,0.041650142787396906
60,2,262144,0,0.044857402023859336,0.05467482822652498,0.8204397430936452,0.041650142787396906
60,2,262144,1,0.045556223903410145,0.05431959085414271,0.8386702327294091,0.041650142787396906
61,2,1024,0,0.13917654221458364,0.04224121449321369,3.294804467256575,0.03201535897515714
61,2,1024,1,0.14034310883656143,0.04227359616023259,3.3198762722861113,0.03201535897515714
61,2,4096,0,0.04966247229194269,0.035171183822890445,1.4120216294687495,0.03201535897515714
61,2,4096,1,0.04847271062312648,0.03725766548398008,1.3010130933718487,0.03201535897515714
61,2,16384,0,0.0377195362892002,0.038347338758733265,0.9836285257372629,0.03201535897515714
61,2,16384,1,0.03902289506774394,0.037712455000994044,1.034748203656202,0.03201535897515714
61,2,65536,0,0.03668568600770085,0.03503003720288432,1.047263689593804,0.03201535897515714
61,2,65536,1,0.035504128697421415,0.03519799529701263,1.0086974669388278,0.03201535897515714
61,2,262144,0,0.03198811091547832,0.03530730303369529,0.9059913436308256,0.03201535897515714
61,2,262144,1,0.03180645243003965,0.037383454857892684,0.8508162916174246,0.03201535897515714
62,2,1024,0,0.06588350958926603,0.04849446815494807,1.3585778356978166,0.044081290555186586
62,2,1024,1,0.06627472341256216,0.04830844155749649,1.3719077096221846,0.044081290555186586
62,2,4096,0,0.045750001729652295,0.052973550176526565,0.863638581465602,0.044081290555186586
62,2,4096,1,0.04541070606382565,0.05319799366423046,0.8536168929686371,0.044081290555186586
62,2,16384,0,0.04325549120092765,0.04652707633112871,0.9296842744444653,0.044081290555186586
62,2,16384,1,0.04248590019335971,0.04466475044217594,0.951217677760519,0.044081290555186586
62,2,65536,0,0.043549766909237946,0.04583301455846689,0.9501833411739409,0.044081290555186586
62,2,65536,1,0.04455382780842483,0.046227169922356315,0.9638017616751783,0.044081290555186586
62,2,262144,0,0.04787523294491695,0.04699579266458291,1.0187131704876382,0.044081290555186586
62,2,262144,1,0.04609185502035541,0.04782106664588538,0.9638399611967092,0.044081290555186586
63,2,1024,0,0.10393951354501768,0.04279837186372094,2.42858569190396,0.0349825737808831
63,2,1024,1,0.10734379480853676,0.041413512971958555,2.5919992559245135,0.0349825737808831
63,2,4096,0,0.04856161845391617,0.035173935136979084,1.3806137489251902,0.0349825737808831
63,2,4096,1,0.0447890270313248,0.03262709056216747,1.3727557762462468,0.0349825737808831
63,2,16384,0,0.038185697128344326,0.03658094184061836,1.0438686159234998,0.0349825737808831
63,2,16384,1,0.037347111524082724,0.03522200312689584,1.0603346831107436,0.0349825737808831
63,2,65536,0,0.03961271994793787,0.04777432118445672,0.8291634285078192,0.0349825737808831
63,2,65536,1,0.040936265010666106,0.043097182245850754,0.9498594311141375,0.0349825737808831
63,2,262144,0,0.029416360473725943,0.030986087690617267,0.9493409031638852,0.0349825737808831
63,2,262144,1,0.02982403935166076,0.028842346796843027,1.0340365006264047,0.0349825737808831
64,2,1024,0,0.14691646492704752,0.05881737779309097,2.497841121783317,0.036187830000836405
64,2,1024,1,0.14691289382036776,0.059800140304534316,2.4567315907990968,0.036187830000836405
64,2,4096,0,0.05977722628442571,0.04794898937902198,1.2466837582728838,0.036187830000836405
64,2,4096,1,0.058914163157157605,0.047634686490824994,1.2367912438870605,0.036187830000836405
64,2,16384,0,0.043767682305350906,0.03447438637489458,1.2695710325165936,0.036187830000836405
64,2,16384,1,0.044092482513282454,0.03436496806968714,1.2830648474303639,0.036187830000836405
64,2,65536,0,0.04399827877953649,0.033939141697672225,1.2963874918072602,0.036187830000836405
64,2,65536,1,0.044694893164094536,0.033938971689376846,1.3169194863403706,0.036187830000836405
64,2,262144,0,0.04128613397236913,0.03825558453448673,1.0792184846934025,0.036187830000836405
64,2,262144,1,0.041311253536958255,0.036890588618153156,1.1198317805270739,0.036187830000836405
65,2,1024,0,0.09730953809143975,0.04088711280050115,2.379956211783363,0.043701181310694656
65,2,1024,1,0.09834931776756421,0.0409548598832246,2.4014077461866443,0.043701181310694656
65,2,4096,0,0.06750705033363774,0.032704401762117224,2.064157932765912,0.043701181310694656
65,2,4096,1,0.06534124034615234,0.032915539127989744,1.9851183385475641,0.043701181310694656
65,2,16384,0,0.03767403387548403,0.03973189436938513,0.9482063333107329,0.043701181310694656
65,2,16384,1,0.04044517522053793,0.04250903694945742,0.9514488711806529,0.043701181310694656
65,2,65536,0,0.04459196290075778,0.041825258398133336,1.0661491311371771,0.043701181310694656
65,2,65536,1,0.044031250215973705,0.04093544681511464,1.0756264714744972,0.043701181310694656
65,2,262144,0,0.040091795611195274,0.036305172658628884,1.1042998194271472,0.043701181310694656
65,2,262144,1,0.0392764691106975,0.035896712596576605,1.0941522571190325,0.043701181310694656
66,2,1024,0,0.1482210251809098,0.05429083461157136,2.7301297952291654,0.047309023701865224
66,2,1024,1,0.15003969215862456,0.05285525139235664,2.838690351595257,0.047309023701865224
66,2,4096,0,0.07180345468316227,0.05105820811342986,1.4063058093156187,0.047309023701865224
66,2,4096,1,0.07278846772303806,0.050053565284900486,1.4542114494488556,0.047309023701865224
66,2,16384,0,0.038956093144789344,0.04151798723937432,0.9382943570984251,0.047309023701865224
66,2,16384,1,0.04102882410138846,0.03969545207920942,1.0335900450136803,0.047309023701865224
66,2,65536,0,0.04652100986782462,0.04444848468861203,1.0466275778292973,0.047309023701865224
66,2,65536,1,0.04444137653699143,0.04408440351783742,1.0080974900569897,0.047309023701865224
66,2,262144,0,0.04866386067504064,0.04821618797942317,1.0092846969944724,0.047309023701865224
66,2,262144,1,0.04583409947929905,0.046687139541265056,0.9817285858515269,0.047309023701865224
67,2,1024,0,0.08313359403684736,0.043625111537945446,1.9056362518302594,0.03925058887032791
67,2,1024,1,0.08380268467850985,0.04197582215204257,1.9964512993924042,0.03925058887032791
67,2,4096,0,0.04608273196453228,0.038137456288842506,1.2083326065460283,0.03925058887032791
67,2,4096,1,0.047448031933791934,0.036663629406780036,1.2941444341846198,0.03925058887032791
67,2,16384,0,0.04175905920853838,0.04792710617912814,0.8713035803259932,0.03925058887032791
67,2,16384,1,0.043145468587521475,0.04519794636683889,0.9545891363590076,0.03925058887032791
67,2,65536,0,0.04004275993490592,0.03743771862120465,1.0695833349264445,0.03925058887032791
67,2,65536,1,0.04067914317082613,0.037461266534640845,1.0858987678168777,0.03925058887032791
67,2,262144,0,0.0393854487623088,0.04176593650102316,0.9430040856702437,0.03925058887032791
67,2,262144,1,0.04073480604207144,0.04137174724086191,0.9846044404389724,0.03925058887032791
68,2,1024,0,0.16050160801615568,0.04178180771782087,3.8414232600974367,0.04192109093870968
68,2,1024,1,0.1576234624037519,0.04147540154443638,3.800408351318203,0.04192109093870968
68,2,4096,0,0.06568095602113755,0.03831637475084852,1.7141745911043693,0.04192109093870968
68,2,4096,1,0.06414510866906495,0.03906825817538497,1.6418727546312697,0.04192109093870968
68,2,16384,0,0.04174313064552844,0.042153315201677366,0.9902692219061194,0.04192109093870968
68,2,16384,1,0.04281933180475608,0.04316350810980492,0.9920262202930014,0.04192109093870968
68,2,65536,0,0.04008384321425112,0.03439474782659979,1.1654059339621488,0.04192109093870968
68,2,65536,1,0.04002118229428307,0.03341288527879495,1.1977769043394164,0.04192109093870968
68,2,262144,0,0.0340471957348287,0.034862512575198706,0.9766133654706797,0.04192109093870968
68,2,262144,1,0.03522000110698863,0.03458836162074029,1.0182616191299905,0.04192109093870968
69,2,1024,0,0.14337716435445472,0.043992074260711875,3.259158990884432,0.04298082832079379
69,2,1024,1,0.1427042675720528,0.04439531504751579,3.2143992540500745,0.04298082832079379
69,2,4096,0,0.05883155886270106,0.04310518652853508,1.3648371251973432,0.04298082832079379
69,2,4096,1,0.0591736530653201,0.04350237837645335,1.3602394920400303,0.04298082832079379
69,2,16384,0,0.048854344176035375,0.03907414984929693,1.2502983267571828,0.04298082832079379
69,2,16384,1,0.049451861497294164,0.039665484342972415,1.2467227443815547,0.04298082832079379
69,2,65536,0,0.04549866210650653,0.05079786277515282,0.8956806373507836,0.04298082832079379
69,2,65536,1,0.04506058994848281,0.051049117379739085,0.8826908722689677,0.04298082832079379
69,2,262144,0,0.041741805769968776,0.04640008891735405,0.8996061590381341,0.04298082832079379
69,2,262144,1,0.04051735406788065,0.04666126046437905,0.8683296092871596,0.04298082832079379
70,2,1024,0,0.06858799257250503,0.05739145689490072,1.195090633403996,0.0546653401487507
70,2,1024,1,0.07081159657696261,0.059189579702072614,1.1963524142828645,0.0546653401487507
70,2,4096,0,0.05146377041107045,0.05086874124023951,1.0116973441119916,0.0546653401487507
70,2,4096,1,0.05183506860546768,0.05115804396270035,1.0132339821917538,0.0546653401487507
70,2,16384,0,0.05057394630573689,0.050563345353026964,1.0002096568697325,0.0546653401487507
70,2,16384,1,0.05040728298816831,0.051922398075153246,0.9708196242247529,0.0546653401487507
70,2,65536,0,0.049746432593092305,0.045295026567200185,1.0982758232692051,0.0546653401487507
70,2,65536,1,0.0501031880011782,0.04469525346409568,1.1209957236606072,0.0546653401487507
70,2,262144,0,0.05095494781509041,0.04737570243197228,1.0755502335455107,0.0546653401487507
70,2,262144,1,0.049927939608786255,0.04723198970840198,1.057078897523233,0.0546653401487507
71,2,1024,0,0.14517825994649902,0.04883911558596793,2.972581673616762,0.04308303051181138
71,2,1024,1,0.1506918817607686,0.04967883674578054,3.0333214630587655,0.04308303051181138
71,2,4096,0,0.06128008237471805,0.043137143759655966,1.420587387893546,0.04308303051181138
71,2,4096,1,0.06019651405690238,0.04532782349415736,1.3280256896663383,0.04308303051181138
71,2,16384,0,0.04954351356616245,0.046260038116095574,1.070978658552476,0.04308303051181138
71,2,16384,1,0.05265728989522904,0.043065705171628034,1.222719787946721,0.04308303051181138
71,2,65536,0,0.042504237051308166,0.04682154198261921,0.9077923377040064,0.04308303051181138
71,2,65536,1,0.04399990510949865,0.046541845639261406,0.9453837617557125,0.04308303051181138
71,2,262144,0,0.04524128770818933,0.043861422460903854,1.0314596556578945,0.04308303051181138
71,2,262144,1,0.04412144253747539,0.046187532651204594,0.955267363395838,0.04308303051181138
72,2,1024,0,0.16603023677617312,0.041129292798952014,4.036788028127817,0.03645249365959316
72,2,1024,1,0.16161738845258952,0.040040094328987565,4.036388803799207,0.03645249365959316
72,2,4096,0,0.061896902239136395,0.04227220291729705,1.4642459575677627,0.03645249365959316
72,2,4096,1,0.061707862558308985,0.044551784734927095,1.3850817183970658,0.03645249365959316
72,2,16384,0,0.03852633405243977,0.03827891471276447,1.0064635933785446,0.03645249365959316
72,2,16384,1,0.04038690445683897,0.03859487649797097,1.0464317578257365,0.03645249365959316
72,2,65536,0,0.0353752112934366,0.03681469448346193,0.9608992221659755,0.03645249365959316
72,2,65536,1,0.034222734077088535,0.03915670040873414,0.8739943284254601,0.03645249365959316
72,2,262144,0,0.03822900057788939,0.052559054506529784,0.7273532778855436,0.03645249365959316
72,2,262144,1,0.040130526773724695,0.053914349406796125,0.7443385149829161,0.03645249365959316
73,2,1024,0,0.118231597111281,0.06411207679341598,1.8441392484016812,0.036006864142511044
73,2,1024,1,0.12107747909743337,0.06370578628713615,1.9005727133122607,0.036006864142511044
73,2,4096,0,0.058571227235440164,0.04354744971117314,1.344997872984794,0.036006864142511044
73,2,4096,1,0.05895463640829548,0.041605317447597684,1.4169976345583575,0.036006864142511044
73,2,16384,0,0.03886214694948867,0.04199268502271032,0.9254503951931483,0.036006864142511044
73,2,16384,1,0.03869539496889338,0.04309835290633118,0.8978392991721268,0.036006864142511044
73,2,65536,0,0.04227455519363284,0.04395265859755719,0.9618202070712142,0.036006864142511044
73,2,65536,1,0.04241126919910312,0.04038740119829058,1.0501113699016167,0.036006864142511044
73,2,262144,0,0.03901249438766391,0.04591297826146649,0.8497051566878212,0.036006864142511044
73,2,262144,1,0.037930469422973685,0.046280801644680236,0.8195724377071938,0.036006864142511044
74,2,1024,0,0.08782228812035173,0.039918146679578964,2.200059256891283,0.03927005354752765
74,2,1024,1,0.08880907523790375,0.03905548805636176,2.2739205079127824,0.03927005354752765
74,2,4096,0,0.04433071214109659,0.0421223203757362,1.0524280653501819,0.03927005354752765
74,2,4096,1,0.047649928557127706,0.03900749357081767,1.2215583262385161,0.03927005354752765
74,2,16384,0,0.036550529118161645,0.036290293521396795,1.007170942186274,0.03927005354752765
74,2,16384,1,0.03881221137717367,0.03652687413940865,1.0625659132244052,0.03927005354752765
74,2,65536,0,0.03949564023436978,0.03570854027108683,1.1060558604337394,0.03927005354752765
74,2,65536,1,0.04299020639490337,0.031352748120747016,1.3711782529983556,0.03927005354752765
74,2,262144,0,0.04155339387692511,0.03908271050175294,1.0632167867441373,0.03927005354752765
74,2,262144,1,0.03899813902406021,0.040389913355517726,0.9655415370860809,0.03927005354752765
75,2,1024,0,0.16990542507097126,0.04538138641979824,3.743945226777993,0.036085763362795106
75,2,1024,1,0.16980213189413773,0.04473821302210423,3.7954607576802855,0.036085763362795106
75,2,4096,0,0.05381040860582143,0.032127269848432324,1.6749138305148314,0.036085763362795106
75,2,4096,1,0.05296415183153004,0.032711602158953676,1.619124357595335,0.036085763362795106
75,2,16384,0,0.044286586726550004,0.043825074692683506,1.0105307757511601,0.036085763362795106
75,2,16384,1,0.04401171402102336,0.044641607114836265,0.9858899996097236,0.036085763362795106
75,2,65536,0,0.03993550126645715,0.033207126275388694,1.2026184059189478,0.036085763362795106
75,2,65536,1,0.040241634479537616,0.03268336027702334,1.23125756159864,0.036085763362795106
75,2,262144,0,0.04195356551827861,0.03561518912359485,1.1779683486359651,0.036085763362795106
75,2,262144,1,0.04153498252667487,0.03575879247985495,1.16153202181181,0.036085763362795106
76,2,1024,0,0.1439001755925827,0.0520927857898371,2.7623820344938532,0.05111622764039786
76,2,1024,1,0.1421258246343583,0.050469432598598346,2.8160773227774603,0.05111622764039786
76,2,4096,0,0.06747067431136966,0.04919983445239037,1.3713597832663358,0.05111622764039786
76,2,4096,1,0.07101181584624573,0.05265646419083364,1.3485868627428153,0.05111622764039786
76,2,16384,0,0.049637469515670087,0.04687860743263752,1.0588511953346083,0.05111622764039786
76,2,16384,1,0.04790128153581173,0.04655680078326207,1.0288782890991304,0.05111622764039786
76,2,65536,0,0.05874842007113622,0.04053768040777954,1.4492299381752953,0.05111622764039786
76,2,65536,1,0.0591127444059588,0.037065805907165086,1.5948053187893019,0.05111622764039786
76,2,262144,0,0.04722846871484071,0.05146709478834265,0.9176439608465718,0.05111622764039786
76,2,262144,1,0.04944850274119528,0.05383152185809069,0.9185789484375007,0.05111622764039786
77,2,1024,0,0.08853679823372515,0.04371950560028015,2.025109776931188,0.03694038890665396
77,2,1024,1,0.0979297007713467,0.03442873115965028,2.844417946082142,0.03694038890665396
77,2,4096,0,0.0399733567001298,0.033570538972931205,1.1907272841928858,0.03694038890665396
77,2,4096,1,0.04274298944873735,0.035212428455754334,1.2138608816045002,0.03694038890665396
77,2,16384,0,0.04189111722577363,0.03707152491495463,1.1300079325540444,0.03694038890665396
77,2,16384,1,0.040130520035419615,0.02938210325301433,1.365815091242748,0.03694038890665396
77,2,65536,0,0.04185054784351961,0.04107104362587602,1.0189794110114232,0.03694038890665396
77,2,65536,1,0.040941262310557044,0.04337131288973935,0.943971016386797,0.03694038890665396
77,2,262144,0,0.0451471147187054,0.038975931111826664,1.1583331925842353,0.03694038890665396
77,2,262144,1,0.03685353191057221,0.03929190106472237,0.9379421944961728,0.03694038890665396
78,2,1024,0,0.20527528443299237,0.05449870609831685,3.7666084046595767,0.02835892005572095
78,2,1024,1,0.20293528482215478,0.05910380445781298,3.4335401364391966,0.02835892005572095
78,2,4096,0,0.06656591575592757,0.040013663405983224,1.6635796397980898,0.02835892005572095
78,2,4096,1,0.06920175062911585,0.03830449829367748,1.8066220342726238,0.02835892005572095
78,2,16384,0,0.04390088095096871,0.030494225620503832,1.4396457052987257,0.02835892005572095
78,2,16384,1,0.04504493217179553,0.02885296540947454,1.5611889985146548,0.02835892005572095
78,2,65536,0,0.02903639448154718,0.03300240262830441,0.8798266843955236,0.02835892005572095
78,2,65536,1,0.03156459291549399,0.03497258338371417,0.902552510038272,0.02835892005572095
78,2,262144,0,0.03674229677608237,0.03386910881023576,1.0848321100488563,0.02835892005572095
78,2,262144,1,0.03432352142203599,0.034457305276831454,0.9961174022831839,0.02835892005572095
79,2,1024,0,0.15835552412895484,0.044882681086506844,3.528209997610003,0.041840476519241936
79,2,1024,1,0.15725134472502394,0.04335377341349493,3.627166272822646,0.041840476519241936
79,2,4096,0,0.06676908312346785,0.037616191559925634,1.7750091211945076,0.041840476519241936
79,2,4096,1,0.06966240389784799,0.040984986824553545,1.6997054115463128,0.041840476519241936
79,2,16384,0,0.04047587289353832,0.045224518138205015,0.8949984335896084,0.041840476519241936
79,2,16384,1,0.04131045598378405,0.04359275237836445,0.9476450494620953,0.041840476519241936
79,2,65536,0,0.03643737163962798,0.03691686974504377,0.9870114094524451,0.041840476519241936
79,2,65536,1,0.03751808897284791,0.03473393679477596,1.080156539540047,0.041840476519241936
79,2,262144,0,0.036946251932345325,0.0320796765268192,1.1517027580205672,0.041840476519241936
79,2,262144,1,0.038225402370002125,0.03622418624154988,1.055245302547523,0.041840476519241936
80,2,1024,0,0.26075743951443586,0.045473826193793296,5.73423134449211,0.031242548532597725
80,2,1024,1,0.2601316856085323,0.04569382926266451,5.692928121939662,0.031242548532597725
80,2,4096,0,0.15606171762561427,0.03514759098130356,4.440182478185486,0.031242548532597725
80,2,4096,1,0.1551120439864695,0.03608426395292332,4.298606289678892,0.031242548532597725
80,2,16384,0,0.05336568638905882,0.04409739374170503,1.2101777874139605,0.031242548532597725
80,2,16384,1,0.05430624177604914,0.044291357527158196,1.2261137343272919,0.031242548532597725
80,2,65536,0,0.03854862295575441,0.03275885629117919,1.1767389744352645,0.031242548532597725
80,2,65536,1,0.03852824127189815,0.033038176720110266,1.1661733514624035,0.031242548532597725
80,2,262144,0,0.03896761651616543,0.037262343115006064,1.0457639874093863,0.031242548532597725
80,2,262144,1,0.039299868356436486,0.03676934049978215,1.0688216819300669,0.031242548532597725
81,2,1024,0,0.28012932757623493,0.04352209208211199,6.4364857977810965,0.032133286316134026
81,2,1024,1,0.2893786318282597,0.042044858043613575,6.882616455217525,0.032133286316134026
81,2,4096,0,0.13228521798690784,0.03626590735782596,3.647646719043457,0.032133286316134026
81,2,4096,1,0.12917590445093813,0.033566859889756266,3.848316609751133,0.032133286316134026
81,2,16384,0,0.04175956519637257,0.0419778208291405,0.99480069168773,0.032133286316134026
81,2,16384,1,0.04003224397599697,0.04333299784003976,0.92382816724965,0.032133286316134026
81,2,65536,0,0.0407428842687048,0.037692598262532254,1.0809253314119402,0.032133286316134026
81,2,65536,1,0.04135043891761453,0.03966181962644255,1.0425754367065443,0.032133286316134026
81,2,262144,0,0.03355026130927727,0.04368233554490279,0.7680509956888554,0.032133286316134026
81,2,262144,1,0.036018864527530975,0.04749165593049142,0.7584251132503786,0.032133286316134026
82,2,1024,0,0.25810160445477814,0.04323229435186361,5.970111194055843,0.030965854260604823
82,2,1024,1,0.2592168430780992,0.042939722322296744,6.036761046857052,0.030965854260604823
82,2,4096,0,0.14695186122050508,0.03699986355352772,3.9716865714358582,0.030965854260604823
82,2,4096,1,0.14584164234194905,0.03738837962229232,3.9007211282029703,0.030965854260604823
82,2,16384,0,0.05639406727449968,0.043192576695264724,1.305642580028856,0.030965854260604823
82,2,16384,1,0.05750753928972408,0.04423102224216369,1.3001630162394124,0.030965854260604823
82,2,65536,0,0.041726112143509096,0.040095037485347096,1.0406802128257913,0.030965854260604823
82,2,65536,1,0.040555624492559575,0.03932637895253946,1.0312575317830206,0.030965854260604823
82,2,262144,0,0.038239137677103296,0.03492842493977479,1.0947856292700568,0.030965854260604823
82,2,262144,1,0.037885534663591534,0.03542722514801315,1.0693904054101808,0.030965854260604823
83,2,1024,0,0.25045693795904517,0.04560977393315462,5.49129970093939,0.05022270309720189
83,2,1024,1,0.25176255876030773,0.048193538691059155,5.223989887404027,0.05022270309720189
83,2,4096,0,0.11248078889343888,0.042210447047263275,2.664761848352222,0.05022270309720189
83,2,4096,1,0.1095589298866689,0.04038315418104512,2.712985949425744,0.05022270309720189
83,2,16384,0,0.059742810695525256,0.04486599315898237,1.3315833772770165,0.05022270309720189
83,2,16384,1,0.061918816744443037,0.043967376004225366,1.4082900180009035,0.05022270309720189
83,2,65536,0,0.04004092346280813,0.043399349160166606,0.922615758937672,0.05022270309720189
83,2,65536,1,0.036877816685009744,0.04480825449537886,0.8230139089397692,0.05022270309720189
83,2,262144,0,0.043523861252330265,0.038071828103771924,1.143203870686162,0.05022270309720189
83,2,262144,1,0.04383327866159378,0.04033379365650947,1.086763100810368,0.05022270309720189
84,2,1024,0,0.22893285223525017,0.0482052243048467,4.7491294882789825,0.034040979840047655
84,2,1024,1,0.22644511947827417,0.04713089329568093,4.804600626974018,0.034040979840047655
84,2,4096,0,0.10828753674700856,0.03963516860554178,2.73210738232782,0.034040979840047655
84,2,4096,1,0.10910858473237604,0.037410164236855836,2.9165492041567727,0.034040979840047655
84,2,16384,0,0.05164815577222035,0.036337314904527455,1.4213531161540294,0.034040979840047655
84,2,16384,1,0.05242542868470773,0.0380456770355191,1.377960198625558,0.034040979840047655
84,2,65536,0,0.04324671785542742,0.04090177258056158,1.0573311406063675,0.034040979840047655
84,2,65536,1,0.04081477148123086,0.041245968268716404,0.9895457227558265,0.034040979840047655
84,2,262144,0,0.039358232325408596,0.03314679652424935,1.1873917377389733,0.034040979840047655
84,2,262144,1,0.03728717062724754,0.035421459454257564,1.0526717758594704,0.034040979840047655
85,2,1024,0,0.1905039537932724,0.0437464484789282,4.354729593307086,0.04054125840738416
85,2,1024,1,0.19712983466032893,0.043898553201554925,4.490577030072745,0.04054125840738416
85,2,4096,0,0.06425920035075397,0.03519598206420817,1.8257538668341649,0.04054125840738416
85,2,4096,1,0.06566400595987215,0.0377288003158536,1.740421254059335,0.04054125840738416
85,2,16384,0,0.04293007780648768,0.03823616214534006,1.1227611611046504,0.04054125840738416
85,2,16384,1,0.049182703305780895,0.03803604767378277,1.293055044193806,0.04054125840738416
85,2,65536,0,0.03470820818915964,0.04311626690803169,0.8049910318811528,0.04054125840738416
85,2,65536,1,0.034339817506633695,0.036907093316312194,0.9304395014888963,0.04054125840738416
85,2,262144,0,0.035527413041517145,0.041010251213759855,0.8663056672424602,0.04054125840738416
85,2,262144,1,0.04008204712197186,0.03413625892342012,1.1741780847130987,0.04054125840738416
86,2,1024,0,0.32520094675756994,0.04599742049122497,7.069982257366133,0.03695813892204314
86,2,1024,1,0.3268259354642592,0.04456112046323456,7.334329389987154,0.03695813892204314
86,2,4096,0,0.1557456515299156,0.04316743693758733,3.607942990803391,0.03695813892204314
86,2,4096,1,0.15686338074896483,0.04015740790679965,3.9062127992181477,0.03695813892204314
86,2,16384,0,0.0658847995123826,0.042012621962628685,1.568214418300025,0.03695813892204314
86,2,16384,1,0.07028659798260779,0.04110449699361794,1.7099491083304288,0.03695813892204314
86,2,65536,0,0.041765112340264025,0.03834041142131865,1.0893235307600564,0.03695813892204314
86,2,65536,1,0.04010373541573063,0.040530314682861515,0.9894750566219693,0.03695813892204314
86,2,262144,0,0.0466251581407152,0.03982984622144169,1.1706085401759692,0.03695813892204314
86,2,262144,1,0.046897616483364254,0.03985817346655644,1.1766122831171466,0.03695813892204314
87,2,1024,0,0.24698302840311082,0.04728889903478221,5.222854273292521,0.03920286803562194
87,2,1024,1,0.24640951443463563,0.04374964557671646,5.632263100338683,0.03920286803562194
87,2,4096,0,0.10707535549718886,0.040456034329310636,2.6467091318343114,0.03920286803562194
87,2,4096,1,0.108559050239902,0.039142971082458414,2.773398320000083,0.03920286803562194
87,2,16384,0,0.05329482675082982,0.03716933246445096,1.4338386841302948,0.03920286803562194
87,2,16384,1,0.053516377373039714,0.037186394144027524,1.4391386582351635,0.03920286803562194
87,2,65536,0,0.03933142157020046,0.046270078538621605,0.8500400866484492,0.03920286803562194
87,2,65536,1,0.03881333722090348,0.043251615882004935,0.8973846740614372,0.03920286803562194
87,2,262144,0,0.03578177244728431,0.03918181200939432,0.9132240346287505,0.03920286803562194
87,2,262144,1,0.03460621505007148,0.03718223050819266,0.9307191789488373,0.03920286803562194
88,2,1024,0,0.2469015328980051,0.03607630310009144,6.843870121974313,0.03845425342712552
88,2,1024,1,0.24759277831381188,0.035343208441526164,7.005384888116302,0.03845425342712552
88,2,4096,0,0.10173710444988682,0.04732685343912547,2.1496697341340676,0.03845425342712552
88,2,4096,1,0.10247398246051743,0.04711990184735104,2.1747494889206407,0.03845425342712552
88,2,16384,0,0.03974783216863872,0.03385343404608631,1.174115220173176,0.03845425342712552
88,2,16384,1,0.03970192672591656,0.034109854387961144,1.1639430140730564,0.03845425342712552
88,2,65536,0,0.03832054336732254,0.033380268147705824,1.1479998662010824,0.03845425342712552
88,2,65536,1,0.038421388414595276,0.032691370415770735,1.1752761638912606,0.03845425342712552
88,2,262144,0,0.03389745005434378,0.03577700981602856,0.9474645932863088,0.03845425342712552
88,2,262144,1,0.03475434373635799,0.035716843787886574,0.9730519287413907,0.03845425342712552
89,2,1024,0,0.24991893775295468,0.047527714310881715,5.258383269143125,0.03343671949608252
89,2,1024,1,0.2491328049739823,0.04601051427049484,5.414692900612582,0.03343671949608252
89,2,4096,0,0.11958087872639299,0.03442775905985908,3.47338548868311,0.03343671949608252
89,2,4096,1,0.12028509699720889,0.03471790633289816,3.464641440178913,0.03343671949608252
89,2,16384,0,0.06095102427499369,0.03371900333105632,1.8076164255678273,0.03343671949608252
89,2,16384,1,0.06015155149772763,0.03314761096954793,1.8146572177701645,0.03343671949608252
89,2,65536,0,0.033439105026796465,0.03350409845409236,0.998060135019453,0.03343671949608252
89,2,65536,1,0.03457933834996074,0.035171622626982896,0.9831601662708684,0.03343671949608252
89,2,262144,0,0.037317865259107214,0.03248447917095194,1.1487906289868226,0.03343671949608252
89,2,262144,1,0.03627739754253999,0.031164051460264828,1.1640783480541623,0.03343671949608252
90,2,1024,0,0.2297550897835754,0.02759336898684161,8.326460240978122,0.019658246438577776
90,2,1024,1,0.2298557681409642,0.02842853923110765,8.085387936128873,0.019658246438577776
90,2,4096,0,0.07302064073523507,0.016478665968230034,4.4312228232561335,0.019658246438577776
90,2,4096,1,0.07200186910573395,0.01652745324773288,4.356501151537709,0.019658246438577776
90,2,16384,0,0.03381195502467454,0.023641316011461605,1.4302061276234403,0.019658246438577776
90,2,16384,1,0.03283604295644908,0.024754607046347757,1.326461894344376,0.019658246438577776
90,2,65536,0,0.01822064138716087,0.022339650767824105,0.8156189000682202,0.019658246438577776
90,2,65536,1,0.019335253019258387,0.022382033139547584,0.8638738446461445,0.019658246438577776
90,2,262144,0,0.022109394083730877,0.020583882557183,1.074111942793588,0.019658246438577776
90,2,262144,1,0.021065331610199065,0.02175642544705369,0.968234954839596,0.019658246438577776
91,2,1024,0,0.25830267402697354,0.04505047046474425,5.733628780394578,0.03818039183812215
91,2,1024,1,0.25698048988031225,0.046891586859310136,5.480311226219246,0.03818039183812215
91,2,4096,0,0.1300090334589593,0.0376086030371473,3.456896107801317,0.03818039183812215
91,2,4096,1,0.13002586830044163,0.03673378724114468,3.539680443153507,0.03818039183812215
91,2,16384,0,0.0536186283336021,0.03514010942295985,1.52585262863663,0.03818039183812215
91,2,16384,1,0.05433457258082926,0.035708588491704364,1.5216107630087923,0.03818039183812215
91,2,65536,0,0.04255294061293826,0.03424904867187242,1.2424561342016351,0.03818039183812215
91,2,65536,1,0.04313011374883355,0.03285995129616335,1.3125434471921849,0.03818039183812215
91,2,262144,0,0.04000475966408849,0.039817423559610966,1.0047048776070875,0.03818039183812215
91,2,262144,1,0.040777934017963716,0.04041180788071378,1.009059880179839,0.03818039183812215
92,2,1024,0,0.28111311004702,0.03760425496202384,7.475566537108987,0.0367216819195077
92,2,1024,1,0.2806664929440245,0.03803125132686585,7.3798910935585615,0.0367216819195077
92,2,4096,0,0.12980195208499207,0.03055867836334781,4.247629774482558,0.0367216819195077
92,2,4096,1,0.13068229595031589,0.02981687009802051,4.382830777365585,0.0367216819195077
92,2,16384,0,0.05143995910212397,0.03742653511807892,1.3744248282624445,0.0367216819195077
92,2,16384,1,0.05043757866946981,0.03654583700935264,1.3801183061305193,0.0367216819195077
92,2,65536,0,0.04051597370961681,0.03397645757838555,1.1924719819935388,0.0367216819195077
92,2,65536,1,0.03938155354745686,0.03366162684720579,1.1699242501324878,0.0367216819195077
92,2,262144,0,0.039799017470702525,0.03883211217474651,1.024899631820306,0.0367216819195077
92,2,262144,1,0.03894215071396903,0.038533288988001374,1.0106106106357797,0.0367216819195077
93,2,1024,0,0.30311718574054536,0.0518946228741928,5.841013364243669,0.04138127410644665
93,2,1024,1,0.3030793417430483,0.0518361619684239,5.846870798954399,0.04138127410644665
93,2,4096,0,0.1583641386420466,0.04229489719410159,3.744284751781639,0.04138127410644665
93,2,4096,1,0.1592389326453209,0.044766057753162475,3.557135486965491,0.04138127410644665
93,2,16384,0,0.058441067180037505,0.03858615230772627,1.514560630818212,0.04138127410644665
93,2,16384,1,0.05608371713180095,0.038896633666769764,1.4418655766530892,0.04138127410644665
93,2,65536,0,0.05450419393014164,0.041550791773833154,1.311748623872577,0.04138127410644665
93,2,65536,1,0.05449251354588197,0.040698971307904605,1.3389162377993167,0.04138127410644665
93,2,262144,0,0.033602670567482715,0.04010991416053267,0.8377647090690374,0.04138127410644665
93,2,262144,1,0.03474515052624047,0.03879647078742092,0.8955750309511653,0.04138127410644665
94,2,1024,0,0.27167969336425885,0.04519362655497336,6.0114603335447905,0.033017679782025515
94,2,1024,1,0.2715827314214781,0.0483659017947026,5.615169392979744,0.033017679782025515
94,2,4096,0,0.14678294177521023,0.035231617827572226,4.166227690524562,0.033017679782025515
94,2,4096,1,0.1413434564324096,0.0355476653269916,3.976167074046533,0.033017679782025515
94,2,16384,0,0.05486178226293996,0.038755227015498564,1.4155969784669367,0.033017679782025515
94,2,16384,1,0.05709183807717637,0.04240275802124627,1.346418033670593,0.033017679782025515
94,2,65536,0,0.04298015913087874,0.03789488148067849,1.1341943146805484,0.033017679782025515
94,2,65536,1,0.04280750776128843,0.03432021346591363,1.2472972466737209,0.033017679782025515
94,2,262144,0,0.040949027414992456,0.034448224147731445,1.1887122900554257,0.033017679782025515
94,2,262144,1,0.046017205706797557,0.03633609475617629,1.2664323454565989,0.033017679782025515
95,2,1024,0,0.26232651894744485,0.051012748075782634,5.142371835325209,0.05024704199060798
95,2,1024,1,0.2622907409551553,0.04949837865328832,5.298976412790656,0.05024704199060798
95,2,4096,0,0.09230292834434657,0.046829044650994446,1.9710615288494138,0.05024704199060798
95,2,4096,1,0.0923898984150961,0.046884735417966894,1.9705752328867996,0.05024704199060798
95,2,16384,0,0.04543140240442007,0.048732915577853864,0.9322529109066043,0.05024704199060798
95,2,16384,1,0.04622760640457273,0.042549097602853345,1.0864532741928867,0.05024704199060798
95,2,65536,0,0.03969595554033294,0.04157730454365606,0.9547505778940598,0.05024704199060798
95,2,65536,1,0.04134567617475986,0.040345612207786555,1.0247874282294394,0.05024704199060798
95,2,262144,0,0.03325762415695935,0.03579455114399879,0.9291253303656867,0.05024704199060798
95,2,262144,1,0.030082952176965782,0.03371220649994976,0.8923459868166925,0.05024704199060798
96,2,1024,0,0.06004894907018171,0.06091604290705147,0.9857657556943938,0.06168029367569835
96,2,1024,1,0.062042936112545424,0.060966572222337936,1.0176549845427116,0.06168029367569835
96,2,4096,0,0.06461925369175153,0.059286431977646104,1.0899501207311002,0.06168029367569835
96,2,4096,1,0.06454565904708581,0.05895164712405279,1.0948915288365304,0.06168029367569835
96,2,16384,0,0.06163730721157043,0.06013958483854911,1.0249041022987124,0.06168029367569835
96,2,16384,1,0.06246615416659041,0.06158435547819212,1.014318550247888,0.06168029367569835
96,2,65536,0,0.06320471613947301,0.06005128904773124,1.0525122298246636,0.06168029367569835
96,2,65536,1,0.06606397173674776,0.06224073830393822,1.0614265437234962,0.06168029367569835
96,2,262144,0,0.06472954527335242,0.06343325683284798,1.0204354703703813,0.06168029367569835
96,2,262144,1,0.06571396683044729,0.06516383466852284,1.0084422926416605,0.06168029367569835
97,2,1024,0,0.0601125724505633,0.05888608842757003,1.0208280776622112,0.059942431714665165
97,2,1024,1,0.05755693977875635,0.0590984580161391,0.973916100535791,0.059942431714665165
97,2,4096,0,0.06059815711192787,0.05944992028882287,1.019314354292261,0.059942431714665165
97,2,4096,1,0.05799905989123508,0.060079552444044435,0.9653710377628555,0.059942431714665165
97,2,16384,0,0.056965897674113516,0.0622627003240498,0.914928157269621,0.059942431714665165
97,2,16384,1,0.05786670341938735,0.06699232192572675,0.8637811282842708,0.059942431714665165
97,2,65536,0,0.06244406347731128,0.057226349596835833,1.0911767728893185,0.059942431714665165
97,2,65536,1,0.060897082658112056,0.059504011346084046,1.0234113848884188,0.059942431714665165
97,2,262144,0,0.0660463288717903,0.06636561527111018,0.99518897853933,0.059942431714665165
97,2,262144,1,0.06540943039823321,0.0633725258807201,1.0321417600009661,0.059942431714665165
98,2,1024,0,0.07010415853606539,0.06588651206566798,1.064013807047393,0.07064216985581447
98,2,1024,1,0.07190322818392889,0.06594847176982316,1.0902940773955965,0.07064216985581447
98,2,4096,0,0.07054357572151351,0.06819156569421723,1.034491216081518,0.07064216985581447
98,2,4096,1,0.07021645507654176,0.06750391078763941,1.0401835131809731,0.07064216985581447
98,2,16384,0,0.06934921431774274,0.070231317338238,0.9874400331087769,0.07064216985581447
98,2,16384,1,0.06711729833679274,0.07267801055644868,0.9234883814639235,0.07064216985581447
98,2,65536,0,0.06507886394569651,0.0678808406054397,0.9587221278529858,0.07064216985581447
98,2,65536,1,0.06645737107992172,0.07030700693394173,0.9452453457784512,0.07064216985581447
98,2,262144,0,0.06932685772934932,0.0695956197877094,0.9961382331362248,0.07064216985581447
98,2,262144,1,0.06751891499934717,0.06973703098057835,0.968193139999767,0.07064216985581447
99,2,1024,0,0.06833272564942017,0.07190326264526806,0.9503424898329997,0.06963260859660803
99,2,1024,1,0.0676155742573552,0.07135800897880638,0.9475541039470048,0.06963260859660803
99,2,4096,0,0.06395733005311341,0.06607543993502693,0.967944066902978,0.06963260859660803
99,2,4096,1,0.06433931758301334,0.06658991228296696,0.9662021675236642,0.06963260859660803
99,2,16384,0,0.07311123443804685,0.062310258178092756,1.1733418633747779,0.06963260859660803
99,2,16384,1,0.07357921118466182,0.0628269269811442,1.171141335732442,0.06963260859660803
99,2,65536,0,0.06842458375403662,0.06799973846232849,1.0062477489077917,0.06963260859660803
99,2,65536,1,0.06906668485067785,0.06807235670659573,1.014606929922639,0.06963260859660803
99,2,262144,0,0.0650831365387887,0.06631191353409638,0.9814697400539366,0.06963260859660803
99,2,262144,1,0.06627002748986706,0.06708638356867547,0.9878312701418356,0.06963260859660803
100,2,1024,0,0.06499347993033008,0.061052105932494334,1.0645575437183732,0.0634127573860809
100,2,1024,1,0.06682010980620981,0.061241512821704334,1.0910917566773168,0.0634127573860809
100,2,4096,0,0.06040835607247426,0.06336719388778683,0.9533064724224304,0.0634127573860809
100,2,4096,1,0.06199368669558317,0.06345775231254207,0.9769284986687192,0.0634127573860809
100,2,16384,0,0.06568076537670567,0.06492339463273052,1.0116656060309166,0.0634127573860809
100,2,16384,1,0.06581577998660505,0.06650977826574697,0.9895654699618908,0.0634127573860809
100,2,65536,0,0.06609630657006058,0.060012962648468865,1.101367165577634,0.0634127573860809
100,2,65536,1,0.06700745625393467,0.059567169611753776,1.1249058280034978,0.0634127573860809
100,2,262144,0,0.06228506565401329,0.06363253212386236,0.9788242519215455,0.0634127573860809
100,2,262144,1,0.06383201859658584,0.06286570547398676,1.0153710694139737,0.0634127573860809
101,2,1024,0,0.06650380973741413,0.0658948823283492,1.0092408907573533,0.06841828194707633
101,2,1024,1,0.0658793687074445,0.06717758955534955,0.9806747926429332,0.06841828194707633
101,2,4096,0,0.07042887281533328,0.06786679794150163,1.0377515213851705,0.06841828194707633
101,2,4096,1,0.06874119621366265,0.06881946827603766,0.9988626465107074,0.06841828194707633
101,2,16384,0,0.07101195914559066,0.06769260941734978,1.0490356296915055,0.06841828194707633
101,2,16384,1,0.06907946128956972,0.06781875288927172,1.0185893775185806,0.06841828194707633
101,2,65536,0,0.06576778591265901,0.06734025007993034,0.9766489704834052,0.06841828194707633
101,2,65536,1,0.06691915058121087,0.06488483506998564,1.0313527114468424,0.06841828194707633
101,2,262144,0,0.06855308498786766,0.07516232913102858,0.9120670657818601,0.06841828194707633
101,2,262144,1,0.06928825374841688,0.07293747919453936,0.949967760245878,0.06841828194707633
102,2,1024,0,0.06399940412119032,0.06001214793444362,1.0664408178007945,0.06346049125753345
102,2,1024,1,0.06713882413189856,0.06019562530108978,1.1153439107257364,0.06346049125753345
102,2,4096,0,0.06995363695640118,0.06546289731684593,1.068599769084764,0.06346049125753345
102,2,4096,1,0.0679735264958814,0.06648783827679836,1.0223452627967526,0.06346049125753345
102,2,16384,0,0.06038576825140044,0.06308440181384653,0.9572218569907441,0.06346049125753345
102,2,16384,1,0.06232774967486038,0.0631279967326569,0.9873234206815478,0.06346049125753345
102,2,65536,0,0.06175199770629406,0.06272488778255825,0.9844895684845735,0.06346049125753345
102,2,65536,1,0.06437326875375582,0.06304869441838215,1.02100875121353,0.06346049125753345
102,2,262144,0,0.06368297394430264,0.058459258516001394,1.0893565118837663,0.06346049125753345
102,2,262144,1,0.0638529643824324,0.05820823568248053,1.0969747430714658,0.06346049125753345
103,2,1024,0,0.06417588632004334,0.06697502151897075,0.9582062814547279,0.06727092405054719
103,2,1024,1,0.06482299403566867,0.06762273350480394,0.9585976590411511,0.06727092405054719
103,2,4096,0,0.06930760331163185,0.06446324920662214,1.0751490836194473,0.06727092405054719
103,2,4096,1,0.06804451475376264,0.06520780134279178,1.0435026691984062,0.06727092405054719
103,2,16384,0,0.06677256907867266,0.0645920088997726,1.0337589775584102,0.06727092405054719
103,2,16384,1,0.0680350484401919,0.06558364636019093,1.0373782522938366,0.06727092405054719
103,2,65536,0,0.06643429877422749,0.06804575259559387,0.9763180836437582,0.06727092405054719
103,2,65536,1,0.0662437793005258,0.06845956241157997,0.9676336945051907,0.06727092405054719
103,2,262144,0,0.06956423741495238,0.067306512836426,1.0335439244046605,0.06727092405054719
103,2,262144,1,0.06923101464761422,0.06886352925418043,1.0053364298550163,0.06727092405054719
104,2,1024,0,0.07149017898449672,0.06696728693195972,1.0675388276836175,0.06849806172652174
104,2,1024,1,0.06951176464278253,0.06871697778209233,1.0115660916172788,0.06849806172652174
104,2,4096,0,0.0746651356328279,0.0662229016849181,1.1274820905323222,0.06849806172652174
104,2,4096,1,0.07420159094789996,0.06780502525237857,1.0943376345884779,0.06849806172652174
104,2,16384,0,0.06873455697977916,0.06727310455644113,1.0217241709443021,0.06849806172652174
104,2,16384,1,0.06956540312748405,0.06790759376490905,1.0244127242722545,0.06849806172652174
104,2,65536,0,0.06792108571548014,0.06674723121446793,1.0175865647106836,0.06849806172652174
104,2,65536,1,0.06799385769311339,0.06646847788732675,1.0229489203645128,0.06849806172652174
104,2,262144,0,0.06813179335873576,0.06867949117188614,0.9920253076456312,0.06849806172652174
104,2,262144,1,0.06853333304692058,0.06872780923401695,0.9971703421182221,0.06849806172652174
105,2,1024,0,0.06511391570791603,0.06786878554152811,0.9594088827193405,0.06287274607401343
105,2,1024,1,0.06655586004871875,0.06644377878272148,1.0016868586954362,0.06287274607401343
105,2,4096,0,0.06668568922998383,0.06291564321402593,1.0599222359236318,0.06287274607401343
105,2,4096,1,0.06644699772475285,0.06168668826140525,1.0771691526569749,0.06287274607401343
105,2,16384,0,0.06986621265104043,0.06285216294978732,1.1115959956200177,0.06287274607401343
105,2,16384,1,0.06881755500333384,0.06208085398461072,1.1085149540693027,0.06287274607401343
105,2,65536,0,0.06549993699649351,0.06656338827363201,0.9840234804038699,0.06287274607401343
105,2,65536,1,0.06531827337667345,0.06615017120776649,0.9874241016175123,0.06287274607401343
105,2,262144,0,0.06407013567583636,0.06464941385902602,0.9910396993783605,0.06287274607401343
105,2,262144,1,0.06296349837817253,0.06628482874793813,0.949893053470868,0.06287274607401343
106,2,1024,0,0.06642911052582787,0.06473985120659172,1.0260930367888172,0.06267751878183336
106,2,1024,1,0.06710445755636318,0.06433659574567582,1.0430215770450273,0.06267751878183336
106,2,4096,0,0.0622538315578364,0.0695496881797095,0.8950986436772898,0.06267751878183336
106,2,4096,1,0.06239823420699686,0.06803295153235038,0.9171766445753253,0.06267751878183336
106,2,16384,0,0.06775316309882327,0.0737758965821349,0.9183644826788855,0.06267751878183336
106,2,16384,1,0.06978065528050065,0.07359699133829997,0.9481454881727849,0.06267751878183336
106,2,65536,0,0.06217900046398864,0.06462592194505365,0.9621371516657753,0.06267751878183336
106,2,65536,1,0.062377312504779556,0.06369015386053237,0.9793870594404961,0.06267751878183336
106,2,262144,0,0.0637876919538714,0.06689235300057371,0.953587205301693,0.06267751878183336
106,2,262144,1,0.06497266365643588,0.06727369392160151,0.9657959875393913,0.06267751878183336
107,2,1024,0,0.07298536355355756,0.06740277987955293,1.0828242349051562,0.07219462800677864
107,2,1024,1,0.07228449070155621,0.06832867368778506,1.057893952864452,0.07219462800677864
107,2,4096,0,0.07188142100591213,0.0699272588310669,1.027945642479225,0.07219462800677864
107,2,4096,1,0.07211975373327731,0.0704836758015852,1.0232121539219627,0.07219462800677864
107,2,16384,0,0.06770079817902296,0.06645191381230568,1.018793805852526,0.07219462800677864
107,2,16384,1,0.06710701618064194,0.06724344124187917,0.9979711766870095,0.07219462800677864
107,2,65536,0,0.06540525673897937,0.06794247897160616,0.9626563194185612,0.07219462800677864
107,2,65536,1,0.0662479026407935,0.06766781622815805,0.9790164118407932,0.07219462800677864
107,2,262144,0,0.07358256865814328,0.07169722066595369,1.0262959703971464,0.07219462800677864
107,2,262144,1,0.07263936060285198,0.07262516172078151,1.0001955091284347,0.07219462800677864
108,2,1024,0,0.06856269278842952,0.06713449346311931,1.0212737037495456,0.06804105158001186
108,2,1024,1,0.06775121139353142,0.06639498940579067,1.020426571340374,0.06804105158001186
108,2,4096,0,0.06780434088641778,0.0774875391598528,0.875035413713951,0.06804105158001186
108,2,4096,1,0.06701955941794441,0.07704931273777293,0.8698268295531272,0.06804105158001186
108,2,16384,0,0.0708191754546948,0.06859082652371154,1.032487564940086,0.06804105158001186
108,2,16384,1,0.06907033067746089,0.06887582986498511,1.002823934214035,0.06804105158001186
108,2,65536,0,0.07053159910803661,0.07028677569211744,1.0034832073815931,0.06804105158001186
108,2,65536,1,0.06902497982103378,0.06934954198951299,0.9953199089832737,0.06804105158001186
108,2,262144,0,0.06866099906284362,0.06588610847175852,1.0421164742530595,0.06804105158001186
108,2,262144,1,0.06773021434415132,0.0659981760824569,1.0262437292135231,0.06804105158001186
109,2,1024,0,0.06503840441843495,0.06956165281901838,0.9349749723119465,0.06700335040204228
109,2,1024,1,0.06513543313248082,0.07002366760199931,0.9301916817996132,0.06700335040204228
109,2,4096,0,0.0668753602263518,0.06581012914087417,1.0161864305599124,0.06700335040204228
109,2,4096,1,0.06670414087735119,0.06609140587223611,1.0092710239255551,0.06700335040204228
109,2,16384,0,0.06756926646167415,0.0657893986585098,1.0270540214602513,0.06700335040204228
109,2,16384,1,0.06706945460559799,0.06681254922943672,1.0038451665012669,0.06700335040204228
109,2,65536,0,0.06795861502448097,0.06791859773853508,1.0005891948196568,0.06700335040204228
109,2,65536,1,0.06752156748529523,0.06720984708685601,1.004638016778053,0.06700335040204228
109,2,262144,0,0.07122862430289388,0.07237213952909127,0.9841995105625179,0.06700335040204228
109,2,262144,1,0.07176662778221068,0.07211304614352881,0.9951961762837109,0.06700335040204228
110,2,1024,0,0.06525781496251003,0.06819437612684234,0.9569383674854613,0.06534755983613431
110,2,1024,1,0.06529198788730428,0.07105106843994624,0.9189444905039021,0.06534755983613431
110,2,4096,0,0.06703562704641373,0.06415377952432925,1.0449209312912202,0.06534755983613431
110,2,4096,1,0.06760595934120937,0.06561056992957107,1.0304126212252116,0.06534755983613431
110,2,16384,0,0.0633800143301487,0.06523141957483447,0.9716178912439302,0.06534755983613431
110,2,16384,1,0.06308387741278856,0.06352686549423028,0.9930267599700484,0.06534755983613431
110,2,65536,0,0.0632289562023245,0.06575140658447796,0.961636556338721,0.06534755983613431
110,2,65536,1,0.06402232093447818,0.06710728235750835,0.9540294091095018,0.06534755983613431
110,2,262144,0,0.06452800247333942,0.06860276191465554,0.940603565693386,0.06534755983613431
110,2,262144,1,0.06468737321747466,0.06850199868840093,0.9443136617330236,0.06534755983613431
111,2,1024,0,0.06644285772722214,0.06845583468540353,0.9705945159031037,0.06744714627927169
111,2,1024,1,0.06643768596909941,0.06846989451090449,0.9703196776288091,0.06744714627927169
111,2,4096,0,0.06820027322899552,0.06905875749226872,0.9875687849818423,0.06744714627927169
111,2,4096,1,0.06859836156964302,0.06892002224490917,0.9953328413893553,0.06744714627927169
111,2,16384,0,0.06467102573160083,0.06681535742173285,0.9679066045161268,0.06744714627927169
111,2,16384,1,0.06599898522794247,0.06708909148271304,0.9837513635871569,0.06744714627927169
111,2,65536,0,0.06831472501698882,0.06617371735257109,1.0323543507917279,0.06744714627927169
111,2,65536,1,0.06919017451638355,0.06539502186897625,1.0580342744591655,0.06744714627927169
111,2,262144,0,0.067068991064094,0.06650512690121382,1.008478506682917,0.06744714627927169
111,2,262144,1,0.06715094026774168,0.06798759669367495,0.9876939843939049,0.06744714627927169
112,2,1024,0,0.06523007602449507,0.056270418779450326,1.1592249967102923,0.05862264736481011
112,2,1024,1,0.06472609147028999,0.05576611914083061,1.1606705373711241,0.05862264736481011
112,2,4096,0,0.06083132146988064,0.059063452600346636,1.0299316885773053,0.05862264736481011
112,2,4096,1,0.05982109500188381,0.059329348877631166,1.008288412624701,0.05862264736481011
112,2,16384,0,0.05432001007944347,0.05756210919891934,0.9436765058717351,0.05862264736481011
112,2,16384,1,0.055375188561901455,0.05873978486066461,0.9427203162772175,0.05862264736481011
112,2,65536,0,0.05862907839054243,0.05776621292581005,1.014937199809871,0.05862264736481011
112,2,65536,1,0.06120389738753438,0.05708047916632125,1.0722386756635014,0.05862264736481011
112,2,262144,0,0.058239777733106166,0.05780619571356457,1.0075006150152146,0.05862264736481011
112,2,262144,1,0.05799012233112005,0.06007229610131473,0.9653388682416435,0.05862264736481011
113,2,1024,0,0.06931529927095398,0.06454504360234327,1.0739058400517918,0.06299959620721637
113,2,1024,1,0.06740348145617173,0.06637177029264216,1.0155444273820122,0.06299959620721637
113,2,4096,0,0.06225163403237238,0.0668434991934736,0.9313042372630673,0.06299959620721637
113,2,4096,1,0.06548294371161612,0.0670631875179571,0.976436494225422,0.06299959620721637
113,2,16384,0,0.06633952866969633,0.06809890856465911,0.9741643451848826,0.06299959620721637
113,2,16384,1,0.06505633888887241,0.06843465041206134,0.9506344884813861,0.06299959620721637
113,2,65536,0,0.06687819089153785,0.06768984847777892,0.9880091682210291,0.06299959620721637
113,2,65536,1,0.06881250316230579,0.06891969439311027,0.9984446937591878,0.06299959620721637
113,2,262144,0,0.0686717302167788,0.06270310830332104,1.0951886130522437,0.06299959620721637
113,2,262144,1,0.07058449162393807,0.0620928658581882,1.1367568664835603,0.06299959620721637
114,2,1024,0,0.06818399984361603,0.059349748534048646,1.148850694868559,0.06071420777384193
114,2,1024,1,0.06789002265911548,0.05810610637877932,1.168380173618195,0.06071420777384193
114,2,4096,0,0.056448379305657,0.06037349292184679,0.9349861433183794,0.06071420777384193
114,2,4096,1,0.054431424228101974,0.061424530657736016,0.8861512435707426,0.06071420777384193
114,2,16384,0,0.054619319759868085,0.05853622827143419,0.933085738059458,0.06071420777384193
114,2,16384,1,0.05435343188969419,0.05964797510662422,0.9112368323071197,0.06071420777384193
114,2,65536,0,0.06333512828145174,0.06099746835776369,1.0383238843615141,0.06071420777384193
114,2,65536,1,0.06447396366260946,0.059131243212197704,1.0903535958349282,0.06071420777384193
114,2,262144,0,0.05984988803258165,0.0602565937168114,0.9932504368544105,0.06071420777384193
114,2,262144,1,0.06229022961370646,0.06240135064843842,0.998219252731275,0.06071420777384193
115,2,1024,0,0.07622595619950442,0.0669857780621512,1.1379423872449455,0.06470683833407237
115,2,1024,1,0.0737179091257043,0.06514100230630578,1.1316667922772854,0.06470683833407237
115,2,4096,0,0.061789549091272045,0.062237860781771376,0.9927968010971444,0.06470683833407237
115,2,4096,1,0.06364066563751548,0.061448367696016665,1.0356770736749925,0.06470683833407237
115,2,16384,0,0.06790443418938664,0.06057341953507401,1.1210269241951536,0.06470683833407237
115,2,16384,1,0.06716607891106978,0.060204605594529254,1.1156302453573936,0.06470683833407237
115,2,65536,0,0.06458367415079846,0.0676716044509581,0.9543688918681177,0.06470683833407237
115,2,65536,1,0.06442516230586919,0.06605552347687282,0.9753183218421627,0.06470683833407237
115,2,262144,0,0.06218784452015536,0.06342316626268663,0.9805225469599737,0.06470683833407237
115,2,262144,1,0.06441596808386968,0.06473705435274656,0.9950401470674383,0.06470683833407237
116,2,1024,0,0.06652643276015296,0.06086415337541443,1.0930314326367638,0.06515191672313958
116,2,1024,1,0.06656405281666666,0.06099202066832361,1.0913567395749015,0.06515191672313958
116,2,4096,0,0.06609171718526632,0.06707440283245833,0.9853493194766623,0.06515191672313958
116,2,4096,1,0.06608481327723711,0.06681007227343713,0.9891444662231211,0.06515191672313958
116,2,16384,0,0.06143809732394294,0.060204888718940724,1.0204835293485766,0.06515191672313958
116,2,16384,1,0.06052019829461351,0.05930583759024316,1.020476242368595,0.06515191672313958
116,2,65536,0,0.06366013558851556,0.06495672939875885,0.9800391149270508,0.06515191672313958
116,2,65536,1,0.0631844334440306,0.06557659396795651,0.9635211227180415,0.06515191672313958
116,2,262144,0,0.06318154924698174,0.0625726407676862,1.0097312255296407,0.06515191672313958
116,2,262144,1,0.06432702964348719,0.06264297368103958,1.0268833975063565,0.06515191672313958
117,2,1024,0,0.0706760383908637,0.06738559501789264,1.048830070760633,0.061756556589901465
117,2,1024,1,0.07222823484884575,0.06661978799096499,1.0841859007212897,0.061756556589901465
117,2,4096,0,0.06179085918590427,0.06281041185979246,0.9837677760151602,0.061756556589901465
117,2,4096,1,0.06550765029937028,0.062146533819332266,1.0540837320036094,0.061756556589901465
117,2,16384,0,0.0654073875579983,0.0637059572131776,1.0267075548229698,0.061756556589901465
117,2,16384,1,0.06529243682222441,0.06411560690313473,1.0183548121265955,0.061756556589901465
117,2,65536,0,0.06357733503924684,0.06691740897847355,0.9500866218490144,0.061756556589901465
117,2,65536,1,0.06263946531992406,0.06954363456509748,0.9007217657180306,0.061756556589901465
117,2,262144,0,0.060812778653483834,0.07116798651995479,0.8544962647837808,0.061756556589901465
117,2,262144,1,0.06324892764380204,0.06838362789324556,0.9249133102815287,0.061756556589901465
118,2,1024,0,0.06535948798190802,0.06263181322451461,1.0435509466669213,0.05540327506493778
118,2,1024,1,0.0655970253970474,0.06181174272543058,1.0612388925585086,0.05540327506493778
118,2,4096,0,0.05811166657954453,0.05991429341670376,0.9699132421603979,0.05540327506493778
118,2,4096,1,0.05948582488074898,0.061675425818001534,0.9644980004886572,0.05540327506493778
118,2,16384,0,0.058894001066591595,0.057017009852900924,1.032919846525329,0.05540327506493778
118,2,16384,1,0.0596753206494264,0.05718575867065041,1.0435346498262636,0.05540327506493778
118,2,65536,0,0.05639807743970304,0.05799244001766675,0.9725074065261264,0.05540327506493778
118,2,65536,1,0.05721335137551652,0.05929017942902778,0.9649718035345587,0.05540327506493778
118,2,262144,0,0.06269083579387516,0.0561868570050463,1.1157562308253817,0.05540327506493778
118,2,262144,1,0.06009225509548562,0.05535623130418919,1.0855553869856385,0.05540327506493778
119,2,1024,0,0.05336760915955528,0.050927865353639495,1.0479058721384527,0.05411662132423371
119,2,1024,1,0.05291474096141756,0.0506368795624615,1.0449842371536002,0.05411662132423371
119,2,4096,0,0.052750093459337954,0.05856120421586607,0.9007685918631827,0.05411662132423371
119,2,4096,1,0.05246234889291225,0.05739261583330699,0.9140957966663452,0.05411662132423371
119,2,16384,0,0.05858990083560349,0.053178708979312816,1.101754855658412,0.05411662132423371
119,2,16384,1,0.05794499517558144,0.053611339589675615,1.0808346819735202,0.05411662132423371
119,2,65536,0,0.05153069930905474,0.05397044029854583,0.9547948659304003,0.05411662132423371
119,2,65536,1,0.05117637872481719,0.05387251591340554,0.9499533826687784,0.05411662132423371
119,2,262144,0,0.05444838450103999,0.05426778549882047,1.0033279228286078,0.05411662132423371
119,2,262144,1,0.05520545695731417,0.053589772543022884,1.0301491187146612,0.05411662132423371
120,2,1024,0,0.0672326801814139,0.06728818211074794,0.9991751608143806,0.06306709264228119
120,2,1024,1,0.06614371450226755,0.06698836871962809,0.9873910317043884,0.06306709264228119
120,2,4096,0,0.06539989420315251,0.0684616496925549,0.9552778014676536,0.06306709264228119
120,2,4096,1,0.06737979706730693,0.0677054734034582,0.9951898078577701,0.06306709264228119
120,2,16384,0,0.0639808762203902,0.061117667322421125,1.0468474832794985,0.06306709264228119
120,2,16384,1,0.0633411243534647,0.06243348013853582,1.014537780256921,0.06306709264228119
120,2,65536,0,0.06744527641180902,0.06216518800528203,1.0849364182101138,0.06306709264228119
120,2,65536,1,0.06834053741004319,0.06258212209271208,1.0920137432987702,0.06306709264228119
120,2,262144,0,0.06248477759324012,0.0640723162589091,0.9752227052436513,0.06306709264228119
120,2,262144,1,0.06365569536769765,0.06509624611627621,0.9778704482282217,0.06306709264228119
121,2,1024,0,0.06598276284746826,0.06861477176437927,0.9616407830379552,0.06868658029474319
121,2,1024,1,0.06430964141832665,0.06946957625357772,0.9257238187776433,0.06868658029474319
121,2,4096,0,0.06725601193467155,0.0656214926702412,1.0249082914441474,0.06868658029474319
121,2,4096,1,0.06498653165129945,0.06711913462945909,0.9682266019975825,0.06868658029474319
121,2,16384,0,0.06515142483646053,0.06760319007403964,0.9637329949238501,0.06868658029474319
121,2,16384,1,0.06571182884983719,0.06952716073154129,0.9451245838092557,0.06868658029474319
121,2,65536,0,0.06722213535960761,0.07054971027524365,0.9528336133110428,0.06868658029474319
121,2,65536,1,0.0655770467652008,0.06936013744293987,0.9454572782406714,0.06868658029474319
121,2,262144,0,0.06655825000768528,0.06529556893707546,1.0193379289156153,0.06868658029474319
121,2,262144,1,0.06893535462338476,0.06704998205724416,1.0281189123142638,0.06868658029474319
122,2,1024,0,0.061492552710510795,0.060352771489294146,1.0188853169968977,0.06279718624195085
122,2,1024,1,0.06330049230316653,0.06145339938136234,1.030056806301986,0.06279718624195085
122,2,4096,0,0.06590498884227128,0.05655170252498619,1.165393540771872,0.06279718624195085
122,2,4096,1,0.06513174483152107,0.05595195694400289,1.164065537452164,0.06279718624195085
122,2,16384,0,0.061711287101078774,0.06284896580802704,0.9818982111746545,0.06279718624195085
122,2,16384,1,0.06093868677718564,0.059984712793996905,1.0159036184179948,0.06279718624195085
122,2,65536,0,0.0569569299128838,0.06362713323663212,0.8951673133073348,0.06279718624195085
122,2,65536,1,0.055795160258095694,0.06331843441568379,0.8811835095574536,0.06279718624195085
122,2,262144,0,0.061599019292648896,0.05913800929725415,1.0416146912051876,0.06279718624195085
122,2,262144,1,0.06111877080146225,0.059670011178242804,1.0242795265932128,0.06279718624195085
123,2,1024,0,0.06122145370263607,0.054525225977196445,1.1228097198210627,0.05718519881162792
123,2,1024,1,0.060506788607966155,0.05523294330948257,1.0954836911176913,0.05718519881162792
123,2,4096,0,0.05855683555044234,0.06015948775649135,0.9733599426156004,0.05718519881162792
123,2,4096,1,0.05815029504215344,0.060542313032581514,0.9604901453114157,0.05718519881162792
123,2,16384,0,0.05826894158357754,0.05835404996196855,0.9985415171963817,0.05718519881162792
123,2,16384,1,0.058369163977447895,0.05826430478308344,1.001799715876725,0.05718519881162792
123,2,65536,0,0.06047023190101605,0.05858821515675452,1.0321227867963914,0.05718519881162792
123,2,65536,1,0.06064572462188081,0.05897122562613007,1.0283951872794175,0.05718519881162792
123,2,262144,0,0.0618569421140477,0.06273912956678697,0.9859387999350523,0.05718519881162792
123,2,262144,1,0.0616472152340226,0.0640315084130117,0.9627637511893349,0.05718519881162792
124,2,1024,0,0.058225797118619096,0.053900410119035055,1.0802477567430702,0.05015634150654079
124,2,1024,1,0.05862871628208088,0.053426379904137636,1.0973739262753295,0.05015634150654079
124,2,4096,0,0.05502373467506841,0.05325070592603648,1.0332958731381816,0.05015634150654079
124,2,4096,1,0.055427165101375436,0.05289228438002454,1.0479253401713204,0.05015634150654079
124,2,16384,0,0.05105539524080234,0.054173716068496566,0.9424384913201919,0.05015634150654079
124,2,16384,1,0.05094081103410572,0.053957131313111154,0.94409783830979,0.05015634150654079
124,2,65536,0,0.05168921070331708,0.05047884017795652,1.0239777800181928,0.05015634150654079
124,2,65536,1,0.05198449197700247,0.050494101373466396,1.0295161328352551,0.05015634150654079
124,2,262144,0,0.06078333663521335,0.05731472261817622,1.0605187264037657,0.05015634150654079
124,2,262144,1,0.06154879094837234,0.05747774679460524,1.070828179265879,0.05015634150654079
125,2,1024,0,0.06300651347124948,0.057941592939395756,1.08741424380844,0.06301522280089558
125,2,1024,1,0.06404150001397356,0.05906452258831894,1.0842633988654113,0.06301522280089558
125,2,4096,0,0.05765861600954085,0.05917181714670819,0.9744269956520759,0.06301522280089558
125,2,4096,1,0.059562806807365275,0.05708312132893899,1.0434399069409188,0.06301522280089558
125,2,16384,0,0.061782957957778134,0.060812920264100324,1.0159511776356915,0.06301522280089558
125,2,16384,1,0.06150907167224211,0.06092025698806913,1.0096653348702762,0.06301522280089558
125,2,65536,0,0.057417613688856374,0.056801802952736444,1.0108413941830743,0.06301522280089558
125,2,65536,1,0.058294960019830616,0.058012384412376716,1.004870953164849,0.06301522280089558
125,2,262144,0,0.06344164558993652,0.062366899488204966,1.017232636391277,0.06301522280089558
125,2,262144,1,0.06583945878678932,0.06275160028984489,1.0492076454254846,0.06301522280089558
126,2,1024,0,0.053568800914287576,0.054445639974490076,0.9838951464136828,0.05456382879884915
126,2,1024,1,0.05567519411332906,0.054717361825300626,1.0175050889896073,0.05456382879884915
126,2,4096,0,0.052113900507707145,0.05341210245946929,0.9756946105473518,0.05456382879884915
126,2,4096,1,0.054386449139378984,0.05403892955508649,1.0064309116992822,0.05456382879884915
126,2,16384,0,0.05584252970907838,0.053073970153897365,1.0521641691238302,0.05456382879884915
126,2,16384,1,0.055596876554004845,0.05436074747486203,1.022739368690882,0.05456382879884915
126,2,65536,0,0.055244700858090065,0.05609933090830228,0.9847657710640229,0.05456382879884915
126,2,65536,1,0.05588749569989742,0.057087129207112314,0.9789859198758687,0.05456382879884915
126,2,262144,0,0.056092290482390686,0.0529741731774833,1.0588610849000046,0.05456382879884915
126,2,262144,1,0.054788572644162925,0.05217830432733249,1.0500259322429362,0.05456382879884915
127,2,1024,0,0.07653792532142253,0.06571801479692892,1.1646414694346374,0.0588144439920783
127,2,1024,1,0.07652376426039262,0.06685818336286065,1.1445684045148787,0.0588144439920783
127,2,4096,0,0.0661032394438982,0.057305852100647495,1.1535163865603058,0.0588144439920783
127,2,4096,1,0.06732268785005435,0.056277834623400816,1.1962558314576834,0.0588144439920783
127,2,16384,0,0.05971953792870046,0.05744575782099799,1.0395813406237517,0.0588144439920783
127,2,16384,1,0.05937776730032637,0.05662624908420154,1.0485908613165142,0.0588144439920783
127,2,65536,0,0.060129626868572074,0.05915555438836053,1.016466289434407,0.0588144439920783
127,2,65536,1,0.06084812782090157,0.059464276033203096,1.0232719858041452,0.0588144439920783
127,2,262144,0,0.06293132660984994,0.05989573963513202,1.0506811835567915,0.0588144439920783
127,2,262144,1,0.0634338938985951,0.05980333094763199,1.0607083734874616,0.0588144439920783
128,2,1024,0,0.06070901975985617,0.06718859288232742,0.9035614105832007,0.06590881719561292
128,2,1024,1,0.0627181704367511,0.06607972008441163,0.9491288757978028,0.06590881719561292
128,2,4096,0,0.06583707103189082,0.06464323610179631,1.0184680563982678,0.06590881719561292
128,2,4096,1,0.06577810965264214,0.0643756505636121,1.0217855520954187,0.06590881719561292
128,2,16384,0,0.0613141293551773,0.06369896419807927,0.9625608536508372,0.06590881719561292
128,2,16384,1,0.06306940152673052,0.06196547960685212,1.0178151113633327,0.06590881719561292
128,2,65536,0,0.06928222411135211,0.06857106361848916,1.0103711457185447,0.06590881719561292
128,2,65536,1,0.06773589313272385,0.06931901077567865,0.9771618546594977,0.06590881719561292
128,2,262144,0,0.0625644481501542,0.06379948600597474,0.9806418839219978,0.06590881719561292
128,2,262144,1,0.06282302932841705,0.06419672505053613,0.9786017788128959,0.06590881719561292
129,2,1024,0,0.06946188318198546,0.05700776669790576,1.2184635042813774,0.05536042779050769
129,2,1024,1,0.06974407502114774,0.05978220293262987,1.1666360823093818,0.05536042779050769
129,2,4096,0,0.06881291180439295,0.06342468082667976,1.084954798470923,0.05536042779050769
129,2,4096,1,0.06750139157744126,0.0639898758287621,1.05487611443529,0.05536042779050769
129,2,16384,0,0.05390450209705161,0.049237918442714634,1.0947762172311624,0.05536042779050769
129,2,16384,1,0.05421405977420509,0.05054771558278418,1.0725323419495858,0.05536042779050769
129,2,65536,0,0.05018017838047817,0.05350308889695354,0.937893108884325,0.05536042779050769
129,2,65536,1,0.05176208738936112,0.055012374161965354,0.9409171695983368,0.05536042779050769
129,2,262144,0,0.06202524746321142,0.05728854604350877,1.0826814738168653,0.05536042779050769
129,2,262144,1,0.06074896304737776,0.056418234613901386,1.0767611475813403,0.05536042779050769
130,2,1024,0,0.06865098084304483,0.05450972624812364,1.2594262633158604,0.04933329129535703
130,2,1024,1,0.06781874538213016,0.054474642377102235,1.2449599010242784,0.04933329129535703
130,2,4096,0,0.05221120403325187,0.052112865562913654,1.0018870286497583,0.04933329129535703
130,2,4096,1,0.05091887718793005,0.052721611268183366,0.9658065442825106,0.04933329129535703
130,2,16384,0,0.050508129824232306,0.05865261475372563,0.8611402924883927,0.04933329129535703
130,2,16384,1,0.050454263887926926,0.05774902378491785,0.873681676002702,0.04933329129535703
130,2,65536,0,0.0574619667135179,0.050764707384388416,1.1319274683968548,0.04933329129535703
130,2,65536,1,0.05710775270024315,0.04925877071559879,1.1593418160993374,0.04933329129535703
130,2,262144,0,0.056067728362511844,0.05695608806745753,0.9844027261160645,0.04933329129535703
130,2,262144,1,0.055671584280021495,0.058290467238571314,0.9550718482349566,0.04933329129535703
131,2,1024,0,0.06981298025948925,0.05976199574835859,1.1681835485122116,0.06325962018882855
131,2,1024,1,0.07346189821474255,0.06247729188399047,1.1758175810684721,0.06325962018882855
131,2,4096,0,0.05856381607204674,0.05910580439554672,0.9908302013813586,0.06325962018882855
131,2,4096,1,0.059680205228924754,0.05874501296394247,1.015919517552176,0.06325962018882855
131,2,16384,0,0.057934034819435334,0.06351318390714872,0.9121576223312996,0.06325962018882855
131,2,16384,1,0.058543564624805,0.06227690717830975,0.940052537567167,0.06325962018882855
131,2,65536,0,0.06035475626895204,0.06115801474355774,0.9868658510585431,0.06325962018882855
131,2,65536,1,0.05896346241589635,0.0607494082102866,0.9706014289356019,0.06325962018882855
131,2,262144,0,0.061932736293505875,0.06282975400615332,0.9857230427392794,0.06325962018882855
131,2,262144,1,0.06336132278647277,0.06355236051015632,0.9969940105741152,0.06325962018882855
132,2,1024,0,0.07233681351328267,0.06152153635962748,1.1757966038174648,0.06226066140327603
132,2,1024,1,0.07226851331088693,0.06189271729231835,1.1676416301059114,0.06226066140327603
132,2,4096,0,0.05930039278557522,0.058451381510581074,1.0145250848320917,0.06226066140327603
132,2,4096,1,0.0589031017220579,0.058079316184152574,1.014183802290188,0.06226066140327603
132,2,16384,0,0.05880310037527234,0.06236353763833291,0.9429083500088025,0.06226066140327603
132,2,16384,1,0.059421836992073776,0.06180445577843578,0.9614490774758456,0.06226066140327603
132,2,65536,0,0.05530362570947036,0.06388601222337813,0.8656609449358122,0.06226066140327603
132,2,65536,1,0.05516613968070595,0.06291988524551964,0.8767679639821687,0.06226066140327603
132,2,262144,0,0.0626110772688873,0.06073236275278475,1.030934322837891,0.06226066140327603
132,2,262144,1,0.06239648126978428,0.0598088100336899,1.0432657201278,0.06226066140327603
133,2,1024,0,0.05788001141576095,0.049201902401854014,1.1763775096139357,0.051271448738127945
133,2,1024,1,0.057550681342929594,0.04927394134823825,1.1679739791098986,0.051271448738127945
133,2,4096,0,0.053992504256032414,0.05382682588376497,1.0030779888939618,0.051271448738127945
133,2,4096,1,0.052995666298642746,0.05356188672160898,0.9894286691970132,0.051271448738127945
133,2,16384,0,0.05394744027825073,0.0497327848587654,1.084746016766493,0.051271448738127945
133,2,16384,1,0.053298203672003025,0.049947704211285915,1.0670801494007416,0.051271448738127945
133,2,65536,0,0.05522777878521008,0.05725581321332178,0.9645794144857271,0.051271448738127945
133,2,65536,1,0.052013711913116274,0.05974310295651463,0.8706228725845665,0.051271448738127945
133,2,262144,0,0.04904838854726405,0.054030536611866145,0.9077901428151295,0.051271448738127945
133,2,262144,1,0.048850531432684516,0.055871428215041076,0.8743383334441687,0.051271448738127945
134,2,1024,0,0.05259216297399252,0.04978036915587468,1.0564839888855269,0.048888097170740386
134,2,1024,1,0.054254475707188256,0.048188069735630376,1.1258902048751782,0.048888097170740386
134,2,4096,0,0.04697976454757154,0.04955044259732203,0.948119978046585,0.048888097170740386
134,2,4096,1,0.04655678415931761,0.04978608986662128,0.9351363861682029,0.048888097170740386
134,2,16384,0,0.04981086177304386,0.04999770631118443,0.9962629378040334,0.048888097170740386
134,2,16384,1,0.05130896103028209,0.05248876653464529,0.9775227047184568,0.048888097170740386
134,2,65536,0,0.05091197072099894,0.05303239147570267,0.960016497546123,0.048888097170740386
134,2,65536,1,0.05105308990152553,0.054742959278653386,0.9325964575947451,0.048888097170740386
134,2,262144,0,0.05091556070456281,0.051149229079019254,0.9954316344808354,0.048888097170740386
134,2,262144,1,0.04989458556072786,0.051124502974621,0.9759427017901047,0.048888097170740386
135,2,1024,0,0.06549336305866019,0.056550478712366584,1.1581398522155737,0.05973877725573257
135,2,1024,1,0.06450442965514959,0.0563469220910629,1.144772904381596,0.05973877725573257
135,2,4096,0,0.05863848139308396,0.058961263807653236,0.9945255173698061,0.05973877725573257
135,2,4096,1,0.0586020231609233,0.05917091277280932,0.9903856542813474,0.05973877725573257
135,2,16384,0,0.06007918322226033,0.05699089130503102,1.05418921947895,0.05973877725573257
135,2,16384,1,0.060122445559687904,0.05737717967567614,1.047845953731594,0.05973877725573257
135,2,65536,0,0.059959667867049565,0.060691690815012196,0.9879386628032191,0.05973877725573257
135,2,65536,1,0.05873135919002816,0.061038384412805624,0.9622036978047299,0.05973877725573257
135,2,262144,0,0.06211737275440245,0.06039491856467831,1.028519852839598,0.05973877725573257
135,2,262144,1,0.06131398763656616,0.06082797523636255,1.0079899486760013,0.05973877725573257
136,2,1024,0,0.06074447902152315,0.060825373375272544,0.9986700557800064,0.05167912854412571
136,2,1024,1,0.05881998820761218,0.06074690643659959,0.9682795661208115,0.05167912854412571
136,2,4096,0,0.05981276030531153,0.05719976671505623,1.045681892432745,0.05167912854412571
136,2,4096,1,0.05918547067008915,0.05776146088915478,1.024653285408883,0.05167912854412571
136,2,16384,0,0.05567867212332786,0.05371871437810602,1.0364855668627218,0.05167912854412571
136,2,16384,1,0.05607073453040795,0.054678208829155216,1.0254676539534013,0.05167912854412571
136,2,65536,0,0.05575075850402937,0.056742991696372265,0.9825135551954634,0.05167912854412571
136,2,65536,1,0.057013476297911245,0.05669595827708047,1.0056003643024962,0.05167912854412571
136,2,262144,0,0.05454554060101509,0.05135617187986125,1.062102929490438,0.05167912854412571
136,2,262144,1,0.05415815437398851,0.051324416165463675,1.0552122833582598,0.05167912854412571
137,2,1024,0,0.064131170065701,0.06244710596583869,1.0269678486106877,0.06143768590278924
137,2,1024,1,0.06408223870592192,0.062341635736752735,1.0279203929861442,0.06143768590278924
137,2,4096,0,0.0643130850831047,0.06057683065085939,1.0616779450509648,0.06143768590278924
137,2,4096,1,0.0643732450507581,0.060725259363093184,1.0600736122978511,0.06143768590278924
137,2,16384,0,0.056565094994194806,0.06423560412685758,0.8805878883381489,0.06143768590278924
137,2,16384,1,0.057884701841697084,0.06570223704483524,0.8810156920866565,0.06143768590278924
137,2,65536,0,0.061424133971519766,0.06101404863998533,1.0067211624318548,0.06143768590278924
137,2,65536,1,0.06300082718981428,0.0621951221870829,1.0129544725438084,0.06143768590278924
137,2,262144,0,0.05973446169998499,0.0630861131974154,0.9468718022468418,0.06143768590278924
137,2,262144,1,0.059429493049532184,0.06145495602721131,0.9670415031005428,0.06143768590278924
138,2,1024,0,0.07730511897793042,0.047600994909522805,1.6240231769287068,0.04477218204168602
138,2,1024,1,0.0787014318638481,0.05042903747738155,1.5606372003262468,0.04477218204168602
138,2,4096,0,0.0461860398764722,0.05011484837910701,0.9216039032401274,0.04477218204168602
138,2,4096,1,0.04471390508376062,0.0514574523833046,0.8689490639895744,0.04477218204168602
138,2,16384,0,0.04549748449567705,0.04370680832783129,1.040970188315158,0.04477218204168602
138,2,16384,1,0.0433881850627251,0.042512876427192925,1.0205892592808021,0.04477218204168602
138,2,65536,0,0.04504108532397077,0.036426953188043884,1.2364768772029562,0.04477218204168602
138,2,65536,1,0.04505834827907383,0.03657457064768238,1.2319583656391888,0.04477218204168602
138,2,262144,0,0.039562347389105704,0.04892857305426504,0.8085734964154468,0.04477218204168602
138,2,262144,1,0.03933735744832083,0.04729948884915744,0.8316655931266276,0.04477218204168602
139,2,1024,0,0.0682917397581041,0.05789674328218779,1.179543716738112,0.0611066806952469
139,2,1024,1,0.06787824837369844,0.05816515920441018,1.1669915341442372,0.0611066806952469
139,2,4096,0,0.06544466079212727,0.056385585284328354,1.160662968418575,0.0611066806952469
139,2,4096,1,0.06722518459688873,0.05906350337883087,1.1381848476835037,0.0611066806952469
139,2,16384,0,0.05455329197579996,0.05697137727824793,0.9575561375208106,0.0611066806952469
139,2,16384,1,0.05604626988619564,0.05715176035231027,0.980656930612463,0.0611066806952469
139,2,65536,0,0.05724397757165134,0.060710894929988116,0.9428946425129323,0.0611066806952469
139,2,65536,1,0.058032904895674434,0.06073541234640631,0.9555035959035226,0.0611066806952469
139,2,262144,0,0.05941581518035382,0.06386789621568674,0.9302923487522134,0.0611066806952469
139,2,262144,1,0.06019405983034521,0.06459102860822909,0.9319260139894461,0.0611066806952469
140,2,1024,0,0.0705441546726972,0.05137593525284898,1.3730972356125677,0.048877479834482096
140,2,1024,1,0.07002380002858118,0.05162479118456546,1.356398707323325,0.048877479834482096
140,2,4096,0,0.060084425341617315,0.043930880432680036,1.3677036460421292,0.048877479834482096
140,2,4096,1,0.05914529259344563,0.04379684978970154,1.3504462735891372,0.048877479834482096
140,2,16384,0,0.05533594350088388,0.054731076654806976,1.0110516160661673,0.048877479834482096
140,2,16384,1,0.05453322058590128,0.0555066641355105,0.9824625823805099,0.048877479834482096
140,2,65536,0,0.05100368463722989,0.04927840301599121,1.0350109077333292,0.048877479834482096
140,2,65536,1,0.05180548894666134,0.049702355304623594,1.0423145669686624,0.048877479834482096
140,2,262144,0,0.04799750031903388,0.058755740581012475,0.8168989079944432,0.048877479834482096
140,2,262144,1,0.04902912322729826,0.058477611786501335,0.8384255397826605,0.048877479834482096
141,2,1024,0,0.0872846744650975,0.0663263199142188,1.3159885031761835,0.05969411534145474
141,2,1024,1,0.08719660407174376,0.06574492173956493,1.3262865292798625,0.05969411534145474
141,2,4096,0,0.0684113545811735,0.06616271301784922,1.033986538047762,0.05969411534145474
141,2,4096,1,0.0688213730125688,0.06559626327364106,1.0491660588267642,0.05969411534145474
141,2,16384,0,0.06368503697849812,0.05636172525690936,1.1299341297344512,0.05969411534145474
141,2,16384,1,0.06419255977300926,0.05414539679837632,1.1855589499518495,0.05969411534145474
141,2,65536,0,0.06709536557178947,0.06276074738824683,1.069065751507516,0.05969411534145474
141,2,65536,1,0.06770496689677236,0.062169049055932984,1.089046204259273,0.05969411534145474
141,2,262144,0,0.061763236407283685,0.06510910495532346,0.9486113570393013,0.05969411534145474
141,2,262144,1,0.06044324031649159,0.06492993146709888,0.9308994935120057,0.05969411534145474
142,2,1024,0,0.06590265812473373,0.058467352823094725,1.1271702059803543,0.05700527090132235
142,2,1024,1,0.06520370178939777,0.05850855181514664,1.1144302801307397,0.05700527090132235
142,2,4096,0,0.05374687283262611,0.05996772879113741,0.8962632721979846,0.05700527090132235
142,2,4096,1,0.05536712166694925,0.061125371141186255,0.9057960816150022,0.05700527090132235
142,2,16384,0,0.06266104540927336,0.06081193119620567,1.0304070957243843,0.05700527090132235
142,2,16384,1,0.06355800818344579,0.05963114878333439,1.0658524861625485,0.05700527090132235
142,2,65536,0,0.05816416972558946,0.056871262056758624,1.0227339366504735,0.05700527090132235
142,2,65536,1,0.05699936459762975,0.05594783722745901,1.0187947813942422,0.05700527090132235
142,2,262144,0,0.05643109195688739,0.0647214273324151,0.8719074081455622,0.05700527090132235
142,2,262144,1,0.05659627316510305,0.06217161748880823,0.9103233187602234,0.05700527090132235
143,2,1024,0,0.05310063069518654,0.04282242285183513,1.2400192973413449,0.04086348345838489
143,2,1024,1,0.05319062298191711,0.042552803734909855,1.249991030280341,0.04086348345838489
143,2,4096,0,0.04327163939997555,0.04240964955833261,1.020325323378523,0.04086348345838489
143,2,4096,1,0.04303667976194993,0.04226204431908208,1.0183293415013075,0.04086348345838489
143,2,16384,0,0.04249843354672195,0.04247307276873395,1.0005971025012974,0.04086348345838489
143,2,16384,1,0.04281935686748475,0.04337279510305299,0.9872399684121513,0.04086348345838489
143,2,65536,0,0.040288919978868215,0.04393632498989876,0.9169842946156943,0.04086348345838489
143,2,65536,1,0.039925069427583386,0.04371074260425987,0.9133926135515358,0.04086348345838489
143,2,262144,0,0.04747182121807711,0.05073315468770225,0.9357159338956761,0.04086348345838489
143,2,262144,1,0.048213836939912276,0.0511979196278462,0.9417147667400356,0.04086348345838489
144,2,1024,0,0.11256153198974209,0.051728902260867196,2.175989187284468,0.037942443776223814
144,2,1024,1,0.11288373640980572,0.049172131645829315,2.2956852312783615,0.037942443776223814
144,2,4096,0,0.05737083577448503,0.0426996488536379,1.3435903412493093,0.037942443776223814
144,2,4096,1,0.060208025475870834,0.043568030845391764,1.3819312993403075,0.037942443776223814
144,2,16384,0,0.04409760951334611,0.04101410752570403,1.0751814966523314,0.037942443776223814
144,2,16384,1,0.04276591485505925,0.040685126224096056,1.0511437182104852,0.037942443776223814
144,2,65536,0,0.04260570818148553,0.03882240736231698,1.0974514739351484,0.037942443776223814
144,2,65536,1,0.04131260724756867,0.04197153194562945,0.9843006755408794,0.037942443776223814
144,2,262144,0,0.04070414242241531,0.04578098101968084,0.8891059456527801,0.037942443776223814
144,2,262144,1,0.04149162924271077,0.045465163314987095,0.9126026658092639,0.037942443776223814
145,2,1024,0,0.1461934061797336,0.0538699631462783,2.713820423131914,0.05344828088674695
145,2,1024,1,0.143678586643748,0.054382480746311586,2.6420013333704495,0.05344828088674695
145,2,4096,0,0.06861272462727504,0.04809581661802856,1.426584045181921,0.05344828088674695
145,2,4096,1,0.06596587553350255,0.046108401864960555,1.4306693111311761,0.05344828088674695
145,2,16384,0,0.05746800757944584,0.052074349792365034,1.103576094729686,0.05344828088674695
145,2,16384,1,0.05544226466333495,0.05196561758015238,1.066902833932843,0.05344828088674695
145,2,65536,0,0.0467241353022866,0.04306728507588968,1.084910163711344,0.05344828088674695
145,2,65536,1,0.04780384942507372,0.04207300961650875,1.1362117866252261,0.05344828088674695
145,2,262144,0,0.049204551034234476,0.04496201144295907,1.0943583139437099,0.05344828088674695
145,2,262144,1,0.0467866221224889,0.044795372970589734,1.0444521168114063,0.05344828088674695
146,2,1024,0,0.09498604843346402,0.0575347935710967,1.65093228875651,0.06451776776574553
146,2,1024,1,0.09330250720949845,0.05499408748447714,1.6965916060673687,0.06451776776574553
146,2,4096,0,0.07050491645950824,0.06170010518337421,1.1427033430488638,0.06451776776574553
146,2,4096,1,0.06600876663420346,0.0634282774598193,1.040683576438267,0.06451776776574553
146,2,16384,0,0.0612670909203589,0.05398606145316186,1.1348686914957493,0.06451776776574553
146,2,16384,1,0.05972464484889062,0.05457618866019637,1.0943352094582803,0.06451776776574553
146,2,65536,0,0.06132883688099682,0.0602406061023402,1.0180647382067816,0.06451776776574553
146,2,65536,1,0.060682123194914325,0.05893755281878506,1.029600319197054,0.06451776776574553
146,2,262144,0,0.054852453898824774,0.05857099806782017,0.9365121938900607,0.06451776776574553
146,2,262144,1,0.05689011887079107,0.057844854830486125,0.9834948853706539,0.06451776776574553
147,2,1024,0,0.06852745402669533,0.034899334256955475,1.963574821288682,0.04102151433937251
147,2,1024,1,0.06869730271780863,0.034669475134140405,1.981492435406375,0.04102151433937251
147,2,4096,0,0.04425246224133299,0.03448278933350528,1.2833202619816775,0.04102151433937251
147,2,4096,1,0.04425132758850232,0.036623614152708026,1.2082730940750228,0.04102151433937251
147,2,16384,0,0.04056238174727185,0.039014474639070144,1.039675200615199,0.04102151433937251
147,2,16384,1,0.04201736945789307,0.03832540857311799,1.0963319380596162,0.04102151433937251
147,2,65536,0,0.04409024936677887,0.0324972562792543,1.3567375961805532,0.04102151433937251
147,2,65536,1,0.04433526352252813,0.032273734202027914,1.3737258677597441,0.04102151433937251
147,2,262144,0,0.04547798863546923,0.038288709467699564,1.1877649904558563,0.04102151433937251
147,2,262144,1,0.044633283004164706,0.039624673162279425,1.1264012909676997,0.04102151433937251
148,2,1024,0,0.20139185868808998,0.05622699048412631,3.581764859795329,0.05390580237926914
148,2,1024,1,0.19411440433999527,0.058753549425325576,3.3038753613806815,0.05390580237926914
148,2,4096,0,0.06857619465766474,0.059522416202952455,1.1521070385288423,0.05390580237926914
148,2,4096,1,0.06924801015807314,0.05442327816611209,1.2723968950696545,0.05390580237926914
148,2,16384,0,0.05473386438917369,0.04657483406211747,1.1751810927801571,0.05390580237926914
148,2,16384,1,0.05159987171674148,0.048702039365935285,1.0595012526894938,0.05390580237926914
148,2,65536,0,0.04845876625804228,0.054474677879800426,0.8895649895345433,0.05390580237926914
148,2,65536,1,0.049410960187204186,0.05315138706614837,0.9296269187803298,0.05390580237926914
148,2,262144,0,0.05335313127720728,0.04994724657560978,1.0681896387710121,0.05390580237926914
148,2,262144,1,0.05080250027170404,0.04936017163229167,1.029220494818312,0.05390580237926914
149,2,1024,0,0.20560056461393833,0.04084901484882904,5.033182939045395,0.03191292432025075
149,2,1024,1,0.20480462923152373,0.04067499941857272,5.035147686763269,0.03191292432025075
149,2,4096,0,0.0738153181798756,0.03609768761515872,2.0448766404881265,0.03191292432025075
149,2,4096,1,0.07439622176941485,0.035892376516207344,2.072758312223236,0.03191292432025075
149,2,16384,0,0.03226300727417693,0.031996146439417145,1.0083404054692982,0.03191292432025075
149,2,16384,1,0.03176404715692624,0.03187397231514491,0.9965512563940315,0.03191292432025075
149,2,65536,0,0.0357145027413033,0.03307903054205727,1.0796719902626906,0.03191292432025075
149,2,65536,1,0.0362105653623119,0.03300871652694555,1.0970001009506878,0.03191292432025075
149,2,262144,0,0.029832356670498848,0.036243572212751735,0.8231075153238565,0.03191292432025075
149,2,262144,1,0.030526281233038757,0.036477501939542065,0.8368522955226791,0.03191292432025075
150,2,1024,0,0.14983766356613487,0.032764233341625634,4.5732082909985925,0.03306979811731726
150,2,1024,1,0.14992061682576313,0.033899905778208964,4.42244936627915,0.03306979811731726
150,2,4096,0,0.060971313565410676,0.03336139301727562,1.8276009498115902,0.03306979811731726
150,2,4096,1,0.060775349841918805,0.035595249163209275,1.7074006017841086,0.03306979811731726
150,2,16384,0,0.02922685945695266,0.030609580733884343,0.9548271735914033,0.03306979811731726
150,2,16384,1,0.028325725006498405,0.03130228511531681,0.9049091752294494,0.03306979811731726
150,2,65536,0,0.036651394798792904,0.028588514838234283,1.2820321379470656,0.03306979811731726
150,2,65536,1,0.03734240049598739,0.03338920705057409,1.1183973443701571,0.03306979811731726
150,2,262144,0,0.036501377356890595,0.03540265852179105,1.0310349245219328,0.03306979811731726
150,2,262144,1,0.03399065960943699,0.035728866978237836,0.9513500562483672,0.03306979811731726
151,2,1024,0,0.13407481448920444,0.04533706820527665,2.957289030736219,0.04200265918504445
151,2,1024,1,0.13201169256214054,0.04490253098644233,2.939961059255203,0.04200265918504445
151,2,4096,0,0.05935836629029364,0.038349982031338624,1.5478068866313288,0.04200265918504445
151,2,4096,1,0.05971447587134318,0.04038909659047643,1.478480107560108,0.04200265918504445
151,2,16384,0,0.04086691123927012,0.03905293430813844,1.0464491839926522,0.04200265918504445
151,2,16384,1,0.040176633656676855,0.03615217795410113,1.1113198686863397,0.04200265918504445
151,2,65536,0,0.04298158647892997,0.038549015396370206,1.1149853254871234,0.04200265918504445
151,2,65536,1,0.04269735882328823,0.04000327926336137,1.0673464678280598,0.04200265918504445
151,2,262144,0,0.044815401686448604,0.039092586335413376,1.1463913208999175,0.04200265918504445
151,2,262144,1,0.04669517420344055,0.03915960820706455,1.1924321090377137,0.04200265918504445
152,2,1024,0,0.1421620009144768,0.03812658031424361,3.7286848110363278,0.03759336850885303
152,2,1024,1,0.14211987568913026,0.037515210037019395,3.7883268026192227,0.03759336850885303
152,2,4096,0,0.05628259844742717,0.036804208204636896,1.5292435618907358,0.03759336850885303
152,2,4096,1,0.05515945291733369,0.037742254340701865,1.4614774310883925,0.03759336850885303
152,2,16384,0,0.037643985733110466,0.028925729458038132,1.301401431819367,0.03759336850885303
152,2,16384,1,0.03727645486360416,0.02877391145286435,1.2954948764844902,0.03759336850885303
152,2,65536,0,0.03535817372314633,0.03299178213903794,1.0717266977011322,0.03759336850885303
152,2,65536,1,0.035962254986446326,0.033299772386663054,1.079954978937022,0.03759336850885303
152,2,262144,0,0.03581183188920841,0.03494604233293852,1.0247750388447803,0.03759336850885303
152,2,262144,1,0.03650002882201224,0.034887568902852314,1.046218752692398,0.03759336850885303
153,2,1024,0,0.11812906785830855,0.03314385604518104,3.564131696000531,0.03316113463547081
153,2,1024,1,0.11691421034857631,0.03812600610143802,3.0665213145461516,0.03316113463547081
153,2,4096,0,0.045635607017390445,0.029465317609055366,1.5487906026631655,0.03316113463547081
153,2,4096,1,0.04554196024211124,0.031877914898809215,1.4286367344500452,0.03316113463547081
153,2,16384,0,0.03750832672491669,0.03665326447917763,1.0233284062931096,0.03316113463547081
153,2,16384,1,0.03659957408867776,0.03825827944782011,0.9566445385657076,0.03316113463547081
153,2,65536,0,0.04197317868471145,0.0293211646730492,1.4314976622770874,0.03316113463547081
153,2,65536,1,0.0436730374689214,0.030958040665124094,1.4107171038805901,0.03316113463547081
153,2,262144,0,0.034017272673547275,0.03377575790904788,1.0071505357525876,0.03316113463547081
153,2,262144,1,0.03377833057250827,0.033476065259170525,1.0090292963344891,0.03316113463547081
154,2,1024,0,0.1620769996246323,0.028930734096499475,5.60224289795132,0.03639326988710091
154,2,1024,1,0.15835622798483817,0.02998936067202894,5.280413601232151,0.03639326988710091
154,2,4096,0,0.062052742027211935,0.031647924443901757,1.9607207460699334,0.03639326988710091
154,2,4096,1,0.06441514978287742,0.030291897420134273,2.126481180411705,0.03639326988710091
154,2,16384,0,0.038582290613185626,0.03384557896139771,1.1399506758974438,0.03639326988710091
154,2,16384,1,0.036856525337137284,0.03366504843877234,1.0948009002324586,0.03639326988710091
154,2,65536,0,0.029323428789060562,0.03018513983234558,0.9714524746921452,0.03639326988710091
154,2,65536,1,0.030725810891948643,0.03164901524626848,0.9708299184939511,0.03639326988710091
154,2,262144,0,0.030883418097067628,0.02604922550084928,1.1855791296390266,0.03639326988710091
154,2,262144,1,0.031987668330222374,0.028786155869254725,1.1112170890586697,0.03639326988710091
155,2,1024,0,0.13491503461347895,0.06915073378115144,1.9510282427437238,0.05685098334383221
155,2,1024,1,0.13889413721589372,0.06927939317537671,2.0048405571955774,0.05685098334383221
155,2,4096,0,0.07229449526704845,0.06927068663906835,1.0436520666199762,0.05685098334383221
155,2,4096,1,0.07482825449304656,0.06989709927997698,1.0705487819074944,0.05685098334383221
155,2,16384,0,0.06716107835546137,0.06247216870380909,1.0750559769084242,0.05685098334383221
155,2,16384,1,0.06573044649101795,0.06261166450019368,1.0498115170027882,0.05685098334383221
155,2,65536,0,0.06067058709273114,0.06383476733813338,0.950431710220834,0.05685098334383221
155,2,65536,1,0.0609723456358537,0.06423869011077404,0.9491530031311688,0.05685098334383221
155,2,262144,0,0.056735913203749794,0.06370800431323347,0.8905617718740025,0.05685098334383221
155,2,262144,1,0.05840333165396004,0.06416063430124122,0.9102673670548516,0.05685098334383221
156,2,1024,0,0.07785344854071735,0.03917359051479595,1.98739629218598,0.042804752000048754
156,2,1024,1,0.07773539216127247,0.04086660930602308,1.902173766831581,0.042804752000048754
156,2,4096,0,0.03940260931691156,0.0373476993791237,1.0550210581093113,0.042804752000048754
156,2,4096,1,0.041061394047364586,0.03773679043367466,1.088099797981844,0.042804752000048754
156,2,16384,0,0.03727156782727687,0.038129527605982476,0.9774988091231691,0.042804752000048754
156,2,16384,1,0.03832605943456291,0.03846554102161079,0.996373856097084,0.042804752000048754
156,2,65536,0,0.03598184048552065,0.033686626971016945,1.0681342633822748,0.042804752000048754
156,2,65536,1,0.03712229660358281,0.032034963599375806,1.1588056433535678,0.042804752000048754
156,2,262144,0,0.03109666368449107,0.03844883043275986,0.8087804839440718,0.042804752000048754
156,2,262144,1,0.0326769332873635,0.04116250388602316,0.7938519332508108,0.042804752000048754
157,2,1024,0,0.12384378797626122,0.043750271993969865,2.8306975552821867,0.04978397801071406
157,2,1024,1,0.12166793231898917,0.04628194366999368,2.6288423231859874,0.04978397801071406
157,2,4096,0,0.061149439099244786,0.04441620632192357,1.3767371003286653,0.04978397801071406
157,2,4096,1,0.06245194278014824,0.04397554051487183,1.4201517945874476,0.04978397801071406
157,2,16384,0,0.04687767646387219,0.050479194447982975,0.9286534180369692,0.04978397801071406
157,2,16384,1,0.04502095760041849,0.05121585586479326,0.8790433517165285,0.04978397801071406
157,2,65536,0,0.040956984757725155,0.0474383209340977,0.8633734067996093,0.04978397801071406
157,2,65536,1,0.04175870267469436,0.0448234896113186,0.9316254275782594,0.04978397801071406
157,2,262144,0,0.04580319213792683,0.04269674301550084,1.0727561144722024,0.04978397801071406
157,2,262144,1,0.04467297926004976,0.04325243701159458,1.0328430568680877,0.04978397801071406
158,2,1024,0,0.12965354028632864,0.05597928857070979,2.3160983927574894,0.052299484508670877
158,2,1024,1,0.13159531127614899,0.05801391061581742,2.2683406424298123,0.052299484508670877
158,2,4096,0,0.0578528602162376,0.05547994463829978,1.0427706911643115,0.052299484508670877
158,2,4096,1,0.05998417857121677,0.05766879244200308,1.0401497245072757,0.052299484508670877
158,2,16384,0,0.04961704420829191,0.05200730914319686,0.9540398268188882,0.052299484508670877
158,2,16384,1,0.04864816199550404,0.05241985357244636,0.928048414486132,0.052299484508670877
158,2,65536,0,0.052333467314857995,0.05139321390942834,1.0182952832466694,0.052299484508670877
158,2,65536,1,0.04923368194177746,0.04893131511452532,1.0061794134603665,0.052299484508670877
158,2,262144,0,0.04727458145953717,0.05474403806607049,0.863556711006257,0.052299484508670877
158,2,262144,1,0.04735736438035966,0.05122738573897306,0.9244540531829415,0.052299484508670877
159,2,1024,0,0.16856202135272325,0.048347617845755614,3.4864597029473114,0.048118908641580485
159,2,1024,1,0.16806973532522096,0.05230450166144658,3.213293884589372,0.048118908641580485
159,2,4096,0,0.07500028957882895,0.047117293632097365,1.591778385330202,0.048118908641580485
159,2,4096,1,0.07563217928521336,0.04689255071156892,1.6128826036872856,0.048118908641580485
159,2,16384,0,0.04949065743563698,0.05095487030989499,0.9712645157302329,0.048118908641580485
159,2,16384,1,0.049674453505314874,0.0525740329660305,0.9448476881621556,0.048118908641580485
159,2,65536,0,0.046270423400215824,0.04919787116740415,0.9404964544659425,0.048118908641580485
159,2,65536,1,0.047080750905256714,0.051526180197279725,0.9137248428856424,0.048118908641580485
159,2,262144,0,0.04877218281850219,0.04592369304481744,1.0620265833347695,0.048118908641580485
159,2,262144,1,0.04892789060035721,0.04963791014717182,0.9856960225620002,0.048118908641580485
160,2,1024,0,0.06797702063946054,0.05293655999902261,1.2841223653504428,0.052659098404645915
160,2,1024,1,0.06782482122462243,0.0507124480433645,1.3374393041847445,0.052659098404645915
160,2,4096,0,0.045432914531510334,0.04627109400588596,0.981885462352176,0.052659098404645915
160,2,4096,1,0.046463807781040666,0.04375240452366606,1.0619715256085638,0.052659098404645915
160,2,16384,0,0.049023361756186934,0.04970952665580755,0.9861965110959178,0.052659098404645915
160,2,16384,1,0.05053124459497631,0.04771740110357783,1.0589689175504466,0.052659098404645915
160,2,65536,0,0.05158828970650213,0.04953436525416563,1.041464636556815,0.052659098404645915
160,2,65536,1,0.049818528090044834,0.046619014763495066,1.0686310798883536,0.052659098404645915
160,2,262144,0,0.054030388803873224,0.05114788640234061,1.0563562368708301,0.052659098404645915
160,2,262144,1,0.054416862808913,0.05048200299731339,1.0779457941042676,0.052659098404645915
161,2,1024,0,0.20370035225311295,0.03589543627922531,5.674825921283082,0.04191352781420574
161,2,1024,1,0.2055095997403376,0.03657745153775867,5.618477808061378,0.04191352781420574
161,2,4096,0,0.07722637221841142,0.03211452094594877,2.404718175568908,0.04191352781420574
161,2,4096,1,0.07950152364131063,0.030877014632676787,2.5747801264820174,0.04191352781420574
161,2,16384,0,0.04216943321488798,0.03855712383884531,1.0936872104657185,0.04191352781420574
161,2,16384,1,0.042313648981973526,0.03667004140702039,1.1539024052989666,0.04191352781420574
161,2,65536,0,0.036209145814552916,0.03093869473229558,1.1703514362147844,0.04191352781420574
161,2,65536,1,0.036113693212997164,0.03145835622600758,1.1479841144128464,0.04191352781420574
161,2,262144,0,0.040415697994362565,0.03495888299208312,1.1560923729604062,0.04191352781420574
161,2,262144,1,0.03815882101943717,0.03519232536306646,1.0842938233198984,0.04191352781420574
162,2,1024,0,0.18376672468427568,0.035133771441293746,5.2304867125164165,0.03906538859456779
162,2,1024,1,0.18444808666286988,0.03541268225032747,5.208531942286418,0.03906538859456779
162,2,4096,0,0.08379406370185317,0.033095037019639825,2.531922343888803,0.03906538859456779
162,2,4096,1,0.08484529318055138,0.03313427666011391,2.5606502309038093,0.03906538859456779
162,2,16384,0,0.04641775734741241,0.04138814542261365,1.1215230079396281,0.03906538859456779
162,2,16384,1,0.047345779631379994,0.04106912011554312,1.1528316043338216,0.03906538859456779
162,2,65536,0,0.034773452720791104,0.03476327926147791,1.0002926495868434,0.03906538859456779
162,2,65536,1,0.03390596448266879,0.035184367870550196,0.9636655860186294,0.03906538859456779
162,2,262144,0,0.03341557129109278,0.040896290477207164,0.8170807401154481,0.03906538859456779
162,2,262144,1,0.032896971000730996,0.04032290682100695,0.8158382813709433,0.03906538859456779
163,2,1024,0,0.04957625439558178,0.03793167136416464,1.3069883981547457,0.045887431391887376
163,2,1024,1,0.05080830855648964,0.03717155035242985,1.3668600872109813,0.045887431391887376
163,2,4096,0,0.04595885989479719,0.04429023911165962,1.0376746844588225,0.045887431391887376
163,2,4096,1,0.04479047140413897,0.04408589184141309,1.0159819736722218,0.045887431391887376
163,2,16384,0,0.045782237849291425,0.04639600894467015,0.9867710367908868,0.045887431391887376
163,2,16384,1,0.045926328710932274,0.047115644823185324,0.974757511720018,0.045887431391887376
163,2,65536,0,0.04503427299065514,0.043254917183398425,1.0411364978393636,0.045887431391887376
163,2,65536,1,0.044714843381941316,0.041644123036625125,1.0737371835784741,0.045887431391887376
163,2,262144,0,0.04540760381249711,0.05289262683190761,0.858486457040641,0.045887431391887376
163,2,262144,1,0.047193683991767474,0.054724391200896255,0.8623884698601189,0.045887431391887376
164,2,1024,0,0.1492308726317249,0.03747692420846334,3.981940241457286,0.03288166004391387
164,2,1024,1,0.15079006466045977,0.03762559077184756,4.007646433375999,0.03288166004391387
164,2,4096,0,0.06621311007440091,0.04603981140982609,1.4381707493325941,0.03288166004391387
164,2,4096,1,0.06798618858112022,0.0454775147027764,1.49494072016582,0.03288166004391387
164,2,16384,0,0.03335954489624127,0.03445245016378194,0.9682778652216268,0.03288166004391387
164,2,16384,1,0.032575628017075364,0.03428908776164828,0.9500290075815493,0.03288166004391387
164,2,65536,0,0.035758315402269356,0.029072989618036345,1.229949718693036,0.03288166004391387
164,2,65536,1,0.03303187497779726,0.03166062486196393,1.0433108986892015,0.03288166004391387
164,2,262144,0,0.030498106921557334,0.04044391491057411,0.7540839453596905,0.03288166004391387
164,2,262144,1,0.03129965230729431,0.03925933841068884,0.7972536872596048,0.03288166004391387
165,2,1024,0,0.15896766758551822,0.03403647911340233,4.670508575692323,0.03381765721477569
165,2,1024,1,0.15893826393363997,0.03209526058660333,4.952078937161873,0.03381765721477569
165,2,4096,0,0.06060059521039948,0.039052975501708116,1.5517535970530314,0.03381765721477569
165,2,4096,1,0.05954580144360662,0.03681352720426351,1.6174978592301366,0.03381765721477569
165,2,16384,0,0.038368521753977994,0.03452361480719647,1.1113703465947617,0.03381765721477569
165,2,16384,1,0.03786684858202935,0.03896668655086483,0.9717749168279982,0.03381765721477569
165,2,65536,0,0.03416506713572891,0.038285197736028675,0.8923831965370137,0.03381765721477569
165,2,65536,1,0.03679435386927799,0.038338616134800545,0.9597204484352578,0.03381765721477569
165,2,262144,0,0.03367264089267702,0.031845650080694884,1.0573701842277565,0.03381765721477569
165,2,262144,1,0.03553696786509827,0.034929580987023784,1.017388896772055,0.03381765721477569
166,2,1024,0,0.12077638543378563,0.06191556305528163,1.95066279742865,0.04846658227667212
166,2,1024,1,0.12257993550943211,0.058603964566956004,2.0916662620902122,0.04846658227667212
166,2,4096,0,0.06717994584497064,0.05100031419132288,1.3172457250547789,0.04846658227667212
166,2,4096,1,0.06649790594838562,0.053055235860087036,1.2533712247316835,0.04846658227667212
166,2,16384,0,0.04997758309599011,0.05823520906185164,0.8582021753010091,0.04846658227667212
166,2,16384,1,0.0481614467081614,0.06066469718868364,0.793895773655084,0.04846658227667212
166,2,65536,0,0.05344747866271063,0.046999697050675776,1.1371877270843418,0.04846658227667212
166,2,65536,1,0.05330926471026616,0.04656841240172632,1.1447516022317727,0.04846658227667212
166,2,262144,0,0.05151737550338731,0.05345963354445199,0.9636686989361855,0.04846658227667212
166,2,262144,1,0.05030061266999692,0.04937422822066432,1.0187625099716473,0.04846658227667212
167,2,1024,0,0.07648904746677726,0.06642851709702055,1.1514489681451574,0.05856294463984667
167,2,1024,1,0.07435036229118705,0.0668805659425564,1.111688593590049,0.05856294463984667
167,2,4096,0,0.05670224050283432,0.062096468840396005,0.9131314801260881,0.05856294463984667
167,2,4096,1,0.05695629979539663,0.06508655598186108,0.8750854755822345,0.05856294463984667
167,2,16384,0,0.06492883620839565,0.05935283717083899,1.0939466300744296,0.05856294463984667
167,2,16384,1,0.06554978163018824,0.056392603042428144,1.1623826192394506,0.05856294463984667
167,2,65536,0,0.06249064980270343,0.05938415617927861,1.0523118256331945,0.05856294463984667
167,2,65536,1,0.06039002658752725,0.06132144001431533,0.9848109661715275,0.05856294463984667
167,2,262144,0,0.06554891718663275,0.06514319978988266,1.0062280851732601,0.05856294463984667
167,2,262144,1,0.06773680010717364,0.0646632318843768,1.0475319301746724,0.05856294463984667
168,2,1024,0,0.08997721707038583,0.05940790327905274,1.5145664483013637,0.06125883560869844
168,2,1024,1,0.08991686555538327,0.0615307116395115,1.4613330995125986,0.06125883560869844
168,2,4096,0,0.07554341891203074,0.057010250071969,1.3250848543317335,0.06125883560869844
168,2,4096,1,0.07533552636504175,0.05712765702375662,1.318722494320279,0.06125883560869844
168,2,16384,0,0.06895588345937431,0.059962020966891946,1.149992651139099,0.06125883560869844
168,2,16384,1,0.06929883533865215,0.06062586135130903,1.1430573322016127,0.06125883560869844
168,2,65536,0,0.053512324992287905,0.05793385815795066,0.9236796356008623,0.06125883560869844
168,2,65536,1,0.0546292673279531,0.057603994230106,0.9483590167329369,0.06125883560869844
168,2,262144,0,0.0604754084020853,0.05899580674918477,1.0250797765880364,0.06125883560869844
168,2,262144,1,0.06271895239138978,0.061377335139683534,1.0218585125706903,0.06125883560869844
169,2,1024,0,0.13199798523150386,0.06507148005676716,2.0285074984670897,0.05846058123372497
169,2,1024,1,0.1309838484041393,0.0625379725176657,2.094469058253192,0.05846058123372497
169,2,4096,0,0.0677609660755843,0.056172930540914885,1.2062921664061836,0.05846058123372497
169,2,4096,1,0.06619132034806535,0.05693790905647438,1.1625175817821636,0.05846058123372497
169,2,16384,0,0.0609390112640336,0.052245990597206096,1.1663863689339709,0.05846058123372497
169,2,16384,1,0.06180815203897655,0.05315263521936505,1.1628426659165536,0.05846058123372497
169,2,65536,0,0.05297669563395903,0.05657439020099624,0.9364077181520578,0.05846058123372497
169,2,65536,1,0.0527839036646299,0.05614315364987993,0.940166346796281,0.05846058123372497
169,2,262144,0,0.04678493776973337,0.054855538725492606,0.8528753678612833,0.05846058123372497
169,2,262144,1,0.04727026617676021,0.053528316180308656,0.8830889807467812,0.05846058123372497
170,2,1024,0,0.12430431017456575,0.04339417581908475,2.864539026914684,0.04258086646255106
170,2,1024,1,0.12278060051398351,0.04694082005415187,2.6156466881563074,0.04258086646255106
170,2,4096,0,0.049915825058054177,0.04177106778063651,1.1949856134918646,0.04258086646255106
170,2,4096,1,0.04820884505240248,0.04312540790655533,1.1178756884308667,0.04258086646255106
170,2,16384,0,0.03800880792215467,0.03717318519981859,1.022479180028408,0.04258086646255106
170,2,16384,1,0.040508375067543234,0.03721434107049041,1.0885151772757,0.04258086646255106
170,2,65536,0,0.048250039889384075,0.04797664731594131,1.0056984509910079,0.04258086646255106
170,2,65536,1,0.0496106320830062,0.04459891980897128,1.1123729519795857,0.04258086646255106
170,2,262144,0,0.042434890854451804,0.03945833130928604,1.0754355150458494,0.04258086646255106
170,2,262144,1,0.040020621452201144,0.04020395795405537,0.9954398394788956,0.04258086646255106
171,2,1024,0,0.07261715289996937,0.04593041771826865,1.58102530974993,0.04758258517235518
171,2,1024,1,0.07491328952610493,0.0463404108589525,1.6165866494822507,0.04758258517235518
171,2,4096,0,0.05420595759851859,0.04248776123495253,1.2758016902506526,0.04758258517235518
171,2,4096,1,0.054446897873561835,0.042013814450363646,1.2959284603374206,0.04758258517235518
171,2,16384,0,0.04700161745715885,0.04844390147933998,0.9702277484236849,0.04758258517235518
171,2,16384,1,0.046892920025624334,0.04825561492007245,0.9717609049909487,0.04758258517235518
171,2,65536,0,0.04940576099744067,0.05012466597106059,0.9856576605610703,0.04758258517235518
171,2,65536,1,0.0492636068484746,0.04821704562255617,1.0217052125945443,0.04758258517235518
171,2,262144,0,0.04430767788365484,0.04706130142678008,0.9414885806460443,0.04758258517235518
171,2,262144,1,0.0427426816537045,0.048346070200777885,0.8840983657243928,0.04758258517235518
172,2,1024,0,0.11928442474557088,0.044810799671909624,2.6619570643446084,0.042469133418798446
172,2,1024,1,0.12245400625299663,0.04508674099508114,2.7159649056549924,0.042469133418798446
172,2,4096,0,0.05866399147687481,0.042609783626121556,1.3767728086023736,0.042469133418798446
172,2,4096,1,0.05958119406346232,0.04264172919382212,1.3972508899121843,0.042469133418798446
172,2,16384,0,0.04595131052704529,0.04486844777424818,1.0241341701465905,0.042469133418798446
172,2,16384,1,0.044536654585320516,0.045322981303802204,0.9826505958817912,0.042469133418798446
172,2,65536,0,0.04565918486667798,0.04051708433757652,1.126911909214863,0.042469133418798446
172,2,65536,1,0.0451866332688369,0.04100811948320142,1.1018947915265211,0.042469133418798446
172,2,262144,0,0.0404643903914839,0.04439993014923707,0.911361577720392,0.042469133418798446
172,2,262144,1,0.03949415539260954,0.044451549072792196,0.8884764696936744,0.042469133418798446
173,2,1024,0,0.11095696330340579,0.05585773187977962,1.9864208511404307,0.04714047888359056
173,2,1024,1,0.10831883360641079,0.05719983407827599,1.8936913952963608,0.04714047888359056
173,2,4096,0,0.053510003351885826,0.05164082116800775,1.0361958261236184,0.04714047888359056
173,2,4096,1,0.05404294079421088,0.05299970951263576,1.0196837169706827,0.04714047888359056
173,2,16384,0,0.04546257337750868,0.04455192164372586,1.0204402346786554,0.04714047888359056
173,2,16384,1,0.0441837909914553,0.04462218640579548,0.9901753936852533,0.04714047888359056
173,2,65536,0,0.04649149423483759,0.05141472259423359,0.9042447744345475,0.04714047888359056
173,2,65536,1,0.04508924300232903,0.04982830798192449,0.9048921151142723,0.04714047888359056
173,2,262144,0,0.04486932671871036,0.048920960914620434,0.9171799956468311,0.04714047888359056
173,2,262144,1,0.04599472878426313,0.050119738689274676,0.9176968992080106,0.04714047888359056
174,2,1024,0,0.19964368625152856,0.037741041936205116,5.2898297452675695,0.042435809239186356
174,2,1024,1,0.19978654842777177,0.0421330462593155,4.741801653698361,0.042435809239186356
174,2,4096,0,0.07493704236065969,0.044890126749968465,1.6693435235335425,0.042435809239186356
174,2,4096,1,0.07327186414394528,0.045857541218648865,1.597814932871888,0.042435809239186356
174,2,16384,0,0.05061755889030173,0.04383077661676588,1.1548405663188683,0.042435809239186356
174,2,16384,1,0.046772556665260354,0.0472975438786473,0.9889003282129423,0.042435809239186356
174,2,65536,0,0.047228962786402574,0.04437947285603884,1.0642073856894854,0.042435809239186356
174,2,65536,1,0.04629210524652154,0.04328870459931472,1.069380700462318,0.042435809239186356
174,2,262144,0,0.043051606083940715,0.046443779146449315,0.9269617347069842,0.042435809239186356
174,2,262144,1,0.041135062385164206,0.04447160826237558,0.9249735728573999,0.042435809239186356
175,2,1024,0,0.12152342059509828,0.03647027194803028,3.3321226879872947,0.03085585724646226
175,2,1024,1,0.12322730572912843,0.03457550934980449,3.5640055069738326,0.03085585724646226
175,2,4096,0,0.04686544993286952,0.03171564220761026,1.4776762086698034,0.03085585724646226
175,2,4096,1,0.04838346390379593,0.033187728529922994,1.4578721125843859,0.03085585724646226
175,2,16384,0,0.034717159216012816,0.04108855102346866,0.8449351060392303,0.03085585724646226
175,2,16384,1,0.03653493677973747,0.03889981886753539,0.9392058329152895,0.03085585724646226
175,2,65536,0,0.03443449231917038,0.03424515974383579,1.0055287397328807,0.03085585724646226
175,2,65536,1,0.034975362397730345,0.037590254863885376,0.9304369583121056,0.03085585724646226
175,2,262144,0,0.03264860745277255,0.03633465193225717,0.8985529161980984,0.03085585724646226
175,2,262144,1,0.03182986825611442,0.03763225025349433,0.8458135785584299,0.03085585724646226
176,2,1024,0,0.313729515651334,0.0556050367474116,5.642106075326675,0.051170253283530455
176,2,1024,1,0.3114318531796336,0.05689229092946488,5.474060687163172,0.051170253283530455
176,2,4096,0,0.15843112022913994,0.04609381862190462,3.4371446099683873,0.051170253283530455
176,2,4096,1,0.160463982228376,0.044039553105366835,3.643633300375639,0.051170253283530455
176,2,16384,0,0.07653773300843314,0.04569527159394327,1.6749595820014322,0.051170253283530455
176,2,16384,1,0.08397041355893017,0.04640501765718017,1.8095115097092862,0.051170253283530455
176,2,65536,0,0.047372192723955965,0.051162120941898495,0.9259231605693887,0.051170253283530455
176,2,65536,1,0.0483433882780373,0.04931477059274461,0.9803024062967004,0.051170253283530455
176,2,262144,0,0.04760967272352428,0.047229998870990865,1.0080388283211799,0.051170253283530455
176,2,262144,1,0.0485035442448221,0.050023897729859185,0.9696074565551179,0.051170253283530455
177,2,1024,0,0.3562238217103295,0.05215486504226849,6.830116834194294,0.04650803152564914
177,2,1024,1,0.3559629410970956,0.05299265144112328,6.717213262910294,0.04650803152564914
177,2,4096,0,0.18242464312817902,0.051712084419667875,3.5276985094570406,0.04650803152564914
177,2,4096,1,0.1840280094925314,0.05092097284180473,3.613992412600755,0.04650803152564914
177,2,16384,0,0.07518140585301444,0.0553249730705663,1.3589054215556782,0.04650803152564914
177,2,16384,1,0.07292120994077995,0.05594721620850847,1.3033929993766173,0.04650803152564914
177,2,65536,0,0.054269486538972705,0.05538195604088647,0.9799127805978455,0.04650803152564914
177,2,65536,1,0.05497385238939896,0.05438843009002592,1.0107637285798474,0.04650803152564914
177,2,262144,0,0.052709098204690975,0.04805548535838429,1.0968383278537581,0.04650803152564914
177,2,262144,1,0.055280405923910425,0.04981110946014969,1.1098007356799857,0.04650803152564914
178,2,1024,0,0.2878684666449204,0.06452528743742744,4.4613279239410915,0.056308132334705455
178,2,1024,1,0.2878177537702024,0.06360876250674496,4.524812972735992,0.056308132334705455
178,2,4096,0,0.14763171661766245,0.056061454464571184,2.6333907678217723,0.056308132334705455
178,2,4096,1,0.14894020089153198,0.0574525396449445,2.5924041271626863,0.056308132334705455
178,2,16384,0,0.06090682491352782,0.054226634825063576,1.1231902018263662,0.056308132334705455
178,2,16384,1,0.058658660410530875,0.05311771898491386,1.1043143706376155,0.056308132334705455
178,2,65536,0,0.050403467646148066,0.0639673538975236,0.787956114722128,0.056308132334705455
178,2,65536,1,0.050307309856172655,0.06477328254869491,0.7766675993045882,0.056308132334705455
178,2,262144,0,0.053472482117917386,0.05839797745133603,0.9156564054376175,0.056308132334705455
178,2,262144,1,0.052575886525865645,0.058459085091205246,0.8993621170060924,0.056308132334705455
179,2,1024,0,0.30777859346093606,0.05544372485190294,5.551188962917821,0.049498608359880764
179,2,1024,1,0.3038849289098755,0.055425761835341925,5.4827379696223675,0.049498608359880764
179,2,4096,0,0.11535675942497328,0.04816601986561751,2.394982183431742,0.049498608359880764
179,2,4096,1,0.109797592349723,0.051002835929545944,2.1527742594822508,0.049498608359880764
179,2,16384,0,0.05995747192660346,0.04971754331979236,1.2059620794403698,0.049498608359880764
179,2,16384,1,0.06290176669023931,0.046977524774921654,1.338975754717043,0.049498608359880764
179,2,65536,0,0.05272976422486827,0.04357110102877294,1.210200407606116,0.049498608359880764
179,2,65536,1,0.051701197462808324,0.04490129046755793,1.1514412375333278,0.049498608359880764
179,2,262144,0,0.04261964279217645,0.052222637477803355,0.816114329926202,0.049498608359880764
179,2,262144,1,0.04248334116311744,0.05064757787212894,0.8388030177943765,0.049498608359880764
180,2,1024,0,0.25707255729828027,0.04103581399892759,6.2645901773752675,0.03750533964652569
180,2,1024,1,0.2579081329445354,0.04283927974376893,6.020365759815295,0.03750533964652569
180,2,4096,0,0.15947136931419373,0.033596738691208564,4.7466324270314795,0.03750533964652569
180,2,4096,1,0.15958373862933367,0.03404898627208405,4.686886633102864,0.03750533964652569
180,2,16384,0,0.05176693192794919,0.03563195388513751,1.452823274716399,0.03750533964652569
180,2,16384,1,0.05003763708211481,0.03625872821939241,1.380016330946571,0.03750533964652569
180,2,65536,0,0.03176937485896051,0.034678771208688355,0.9161043990797768,0.03750533964652569
180,2,65536,1,0.03055698244189843,0.03321628560374584,0.9199397791320918,0.03750533964652569
180,2,262144,0,0.03647178479498253,0.0331959945870341,1.0986802850373976,0.03750533964652569
180,2,262144,1,0.03556073024794458,0.030653916936586666,1.1600713318793345,0.03750533964652569
181,2,1024,0,0.18729562167339028,0.07433723840552128,2.5195396774314283,0.0654225229159929
181,2,1024,1,0.18739518072586508,0.07472448866300865,2.5078148285627884,0.0654225229159929
181,2,4096,0,0.08755280958842485,0.0678845380505636,1.2897312422338558,0.0654225229159929
181,2,4096,1,0.08964749110145495,0.06621406261152044,1.3539041038369604,0.0654225229159929
181,2,16384,0,0.0677007446974516,0.06135429710750606,1.103439333333494,0.0654225229159929
181,2,16384,1,0.06537504156241195,0.05887200362772933,1.1104606185276769,0.0654225229159929
181,2,65536,0,0.06205502919163555,0.06255521861892058,0.9920040335829993,0.0654225229159929
181,2,65536,1,0.05653383038388565,0.06068656027333209,0.9315708474703039,0.0654225229159929
181,2,262144,0,0.07002684680568055,0.07113218079114207,0.9844608449626057,0.0654225229159929
181,2,262144,1,0.06968401879742744,0.07259359350283096,0.9599196765856474,0.0654225229159929
182,2,1024,0,0.24510654177712277,0.057180043622580654,4.286574935041307,0.04333709085993468
182,2,1024,1,0.2432430657898076,0.0573748246977114,4.239543511834211,0.04333709085993468
182,2,4096,0,0.1259366973963566,0.047171844432096356,2.6697429136493036,0.04333709085993468
182,2,4096,1,0.1254229548879899,0.046754190420203706,2.682603500579306,0.04333709085993468
182,2,16384,0,0.057975814730860296,0.047852944056735444,1.2115412306110773,0.04333709085993468
182,2,16384,1,0.05735842021973804,0.04896001657663403,1.1715359640444263,0.04333709085993468
182,2,65536,0,0.04067986904056743,0.050729895004173416,0.8018914495529865,0.04333709085993468
182,2,65536,1,0.040814251049421726,0.04890040945442556,0.8346402720300327,0.04333709085993468
182,2,262144,0,0.03671043580900877,0.04200757701844138,0.8739003392862398,0.04333709085993468
182,2,262144,1,0.035893217615969475,0.040937603319364954,0.8767786754871089,0.04333709085993468
183,2,1024,0,0.28350452922303226,0.03601168861413369,7.872569716482659,0.030007010518480093
183,2,1024,1,0.2839094593235291,0.03468876257553265,8.184479302348526,0.030007010518480093
183,2,4096,0,0.1688843434629962,0.03547731837158388,4.760346926284789,0.030007010518480093
183,2,4096,1,0.1683287898870185,0.03492171168196711,4.820175809822638,0.030007010518480093
183,2,16384,0,0.06888258401537314,0.034262989361929376,2.0104078861230548,0.030007010518480093
183,2,16384,1,0.06967480420563371,0.034247237622560656,2.0344649391440215,0.030007010518480093
183,2,65536,0,0.04738217588393018,0.03472641320558129,1.3644419768729477,0.030007010518480093
183,2,65536,1,0.04695495605580509,0.034370720559500356,1.366132431658502,0.030007010518480093
183,2,262144,0,0.031073704204708338,0.03155920324348499,0.9846162453775864,0.030007010518480093
183,2,262144,1,0.031750498504657304,0.0307968504585769,1.030965765390948,0.030007010518480093
184,2,1024,0,0.2862320833914913,0.040709950033960496,7.031010432405707,0.0398996492991224
184,2,1024,1,0.28072016025520863,0.038066088630481665,7.37454701427927,0.0398996492991224
184,2,4096,0,0.13393413800494747,0.03823657431286818,3.502775560097002,0.0398996492991224
184,2,4096,1,0.12663847801955416,0.03673046231033324,3.4477779492562353,0.0398996492991224
184,2,16384,0,0.05712695696912706,0.039907834338569766,1.4314722388710408,0.0398996492991224
184,2,16384,1,0.058617676965333515,0.03836023445760431,1.5280844289447113,0.0398996492991224
184,2,65536,0,0.03162361358292401,0.035081050890245366,0.9014443062684097,0.0398996492991224
184,2,65536,1,0.03375988423572854,0.034492596138542636,0.9787574150733365,0.0398996492991224
184,2,262144,0,0.03185841954965144,0.03357013374572425,0.9490108020111531,0.0398996492991224
184,2,262144,1,0.030913176554907114,0.03623932046916377,0.8530285931054171,0.0398996492991224
185,2,1024,0,0.29892782297478987,0.052085459667321796,5.739179895581031,0.04720753624262289
185,2,1024,1,0.2947094281676226,0.053556450056811436,5.502781230925532,0.04720753624262289
185,2,4096,0,0.13063170190565287,0.05522724602091528,2.365348832642876,0.04720753624262289
185,2,4096,1,0.1285716739206575,0.05448008943901626,2.3599754560714814,0.04720753624262289
185,2,16384,0,0.06106940712779761,0.05205886002172397,1.1730838343811905,0.04720753624262289
185,2,16384,1,0.061938438419345765,0.05231860612577755,1.183870194676851,0.04720753624262289
185,2,65536,0,0.053011173340678217,0.049500753230695554,1.0709164988585635,0.04720753624262289
185,2,65536,1,0.05404684509122744,0.05144403459588842,1.0505949915434323,0.04720753624262289
185,2,262144,0,0.05541231733243912,0.051710204149610126,1.0715934745126492,0.04720753624262289
185,2,262144,1,0.05403792104525492,0.05306947680533946,1.018248611032435,0.04720753624262289
186,2,1024,0,0.38565139448400587,0.051897120534413914,7.431074990533887,0.05039911179793999
186,2,1024,1,0.3838595105627552,0.05409158327769706,7.0964739300028485,0.05039911179793999
186,2,4096,0,0.19776291775973515,0.046349392019494326,4.266785585376331,0.05039911179793999
186,2,4096,1,0.19839384478228167,0.046637204411692834,4.253982357753428,0.05039911179793999
186,2,16384,0,0.07358206733781844,0.04554052362572017,1.6157492597705023,0.05039911179793999
186,2,16384,1,0.07330383069673554,0.043937083558928926,1.6683818032305124,0.05039911179793999
186,2,65536,0,0.0497652274317108,0.05449499866032617,0.9132072420425845,0.05039911179793999
186,2,65536,1,0.050300432989839466,0.05598923977223831,0.8983946414428798,0.05039911179793999
186,2,262144,0,0.04674389846427367,0.045955298799017996,1.0171601466177937,0.05039911179793999
186,2,262144,1,0.04632101499997081,0.0467701175204475,0.9903976610646671,0.05039911179793999
187,2,1024,0,0.3303440559548326,0.053647856297998356,6.1576375786549,0.04938218669220805
187,2,1024,1,0.3266511434809305,0.05238201926913712,6.235940271844189,0.04938218669220805
187,2,4096,0,0.15263203501142564,0.047195462799287886,3.2340404343641405,0.04938218669220805
187,2,4096,1,0.14899496580185367,0.05028646479891519,2.962923848348709,0.04938218669220805
187,2,16384,0,0.0681347198173404,0.049648392899280386,1.3723449207220555,0.04938218669220805
187,2,16384,1,0.06910104698631911,0.05061182788396346,1.3653141938430962,0.04938218669220805
187,2,65536,0,0.0528865508868359,0.0539240178023159,0.9807605783514995,0.04938218669220805
187,2,65536,1,0.049798199882265165,0.05464051416047637,0.9113786838829961,0.04938218669220805
187,2,262144,0,0.04617802750496194,0.04947705949232863,0.9333219875793506,0.04938218669220805
187,2,262144,1,0.04767963505098597,0.04915146808827211,0.9700551561421757,0.04938218669220805
188,2,1024,0,0.30762957446500655,0.06845182334458916,4.494103435585451,0.06044393520718441
188,2,1024,1,0.31608502424657337,0.06704155000211603,4.714763072103744,0.06044393520718441
188,2,4096,0,0.1654174591801129,0.062223066221256215,2.65845881962667,0.06044393520718441
188,2,4096,1,0.16591573473205792,0.06555554960116555,2.5309182173206586,0.06044393520718441
188,2,16384,0,0.06871366839259863,0.0609016534109901,1.1282726255211784,0.06044393520718441
188,2,16384,1,0.07243527384540066,0.06053901429108445,1.1965056698332825,0.06044393520718441
188,2,65536,0,0.06440929102180526,0.06825270852585055,0.9436884251620636,0.06044393520718441
188,2,65536,1,0.061621967095416036,0.069590900018113,0.8854888653455723,0.06044393520718441
188,2,262144,0,0.06413818048676476,0.0645804539484414,0.9931515894572414,0.06044393520718441
188,2,262144,1,0.06323979208255187,0.06320175990604956,1.0006017581877285,0.06044393520718441
189,2,1024,0,0.3593201453134418,0.039132482531324814,9.18214542166633,0.032853762655332686
189,2,1024,1,0.3621662969387136,0.03909678088549718,9.263327791599794,0.032853762655332686
189,2,4096,0,0.18978862130800261,0.03712587043038074,5.112031559338075,0.032853762655332686
189,2,4096,1,0.1890229261636734,0.03684549671892314,5.130150031783798,0.032853762655332686
189,2,16384,0,0.06770308690937236,0.03931670661045894,1.7219928306854202,0.032853762655332686
189,2,16384,1,0.06729352273140103,0.037333238997955175,1.8025096278168322,0.032853762655332686
189,2,65536,0,0.027557423191517588,0.033441304298357684,0.824053480260665,0.032853762655332686
189,2,65536,1,0.02766553368382156,0.033614716683122214,0.8230184994452828,0.032853762655332686
189,2,262144,0,0.033645812970586116,0.04058203391869966,0.8290814856148098,0.032853762655332686
189,2,262144,1,0.03546586507176981,0.03974270585655003,0.892386774060696,0.032853762655332686
190,2,1024,0,0.36061781215900557,0.051305427296279175,7.028843363422463,0.05274732719343156
190,2,1024,1,0.35489560513095936,0.04933256042493293,7.1939425416807135,0.05274732719343156
190,2,4096,0,0.17690020932285114,0.052672082971102124,3.3585193397402797,0.05274732719343156
190,2,4096,1,0.17224521323274822,0.04645315400673122,3.7079336573742503,0.05274732719343156
190,2,16384,0,0.06984095386937261,0.04807392966107088,1.4527822951392333,0.05274732719343156
190,2,16384,1,0.067153623489663,0.050449050278336634,1.3311176943701453,0.05274732719343156
190,2,65536,0,0.04719615847049281,0.04320018124821553,1.09249908465239,0.05274732719343156
190,2,65536,1,0.04741397759011014,0.042914589247068514,1.1048451918562632,0.05274732719343156
190,2,262144,0,0.05313794545214623,0.04504432759923801,1.1796811781700374,0.05274732719343156
190,2,262144,1,0.05268841043282302,0.04591943004459974,1.1474099391401165,0.05274732719343156
191,2,1024,0,0.22669029845586047,0.04416188268224917,5.133166538368131,0.03329342866223306
191,2,1024,1,0.22868254293892532,0.04151447659487465,5.508501171062778,0.03329342866223306
191,2,4096,0,0.09345906278826296,0.03968562003251927,2.354985576933926,0.03329342866223306
191,2,4096,1,0.08935545913595706,0.04004491348997166,2.231381000693986,0.03329342866223306
191,2,16384,0,0.040449441544990986,0.03438640757765737,1.1763206567490663,0.03329342866223306
191,2,16384,1,0.041413572489004576,0.03241038289660758,1.2777872023640722,0.03329342866223306
191,2,65536,0,0.035410013254079976,0.0366026956639737,0.9674154488280593,0.03329342866223306
191,2,65536,1,0.03650724450107663,0.035884451202999476,1.0173555196526205,0.03329342866223306
191,2,262144,0,0.02473720945436507,0.026680021102226788,0.927181030314119,0.03329342866223306
191,2,262144,1,0.025737024612445383,0.03040533863678551,0.8464640015983171,0.03329342866223306
192,3,1024,0,0.07999571457300333,0.07956897831132546,1.0053630984176798,0.07676197508939855
192,3,1024,1,0.0793025452360511,0.07998360456584637,0.9914850132912604,0.07676197508939855
192,3,4096,0,0.08151391205570349,0.07978792213292682,1.0216322204744368,0.07676197508939855
192,3,4096,1,0.08181948242827006,0.07975417361448256,1.025895933970438,0.07676197508939855
192,3,16384,0,0.08142490875485042,0.0765560529299821,1.0635985743585992,0.07676197508939855
192,3,16384,1,0.0800538391573355,0.07651672370776103,1.0462266976182057,0.07676197508939855
192,3,65536,0,0.07997445455522587,0.07824442575767768,1.0221105692935375,0.07676197508939855
192,3,65536,1,0.07933075306272758,0.07776379929053863,1.0201501699567757,0.07676197508939855
192,3,262144,0,0.07849795504404851,0.07933462731036243,0.9894538829426801,0.07676197508939855
192,3,262144,1,0.07775402239648004,0.07880370968712425,0.9866797223784032,0.07676197508939855
193,3,1024,0,0.08187376570384954,0.0791771781712061,1.0340576362397325,0.07927019716699915
193,3,1024,1,0.08198263130293539,0.07893132639576714,1.038657717366471,0.07927019716699915
193,3,4096,0,0.07965599717994531,0.07794876940411943,1.0219019208241107,0.07927019716699915
193,3,4096,1,0.07954262451318403,0.07803094704564549,1.0193727940614927,0.07927019716699915
193,3,16384,0,0.07934219838622958,0.08086542503192559,0.9811634373393247,0.07927019716699915
193,3,16384,1,0.07860664934255185,0.08072288532640955,0.9737839402630304,0.07927019716699915
193,3,65536,0,0.08181145390824723,0.08145435054554787,1.0043840919522118,0.07927019716699915
193,3,65536,1,0.08189003578467913,0.08108746150208067,1.0098976372885697,0.07927019716699915
193,3,262144,0,0.07808119025211782,0.08210103160621028,0.9510378703476804,0.07927019716699915
193,3,262144,1,0.07830891554380456,0.08253655546779257,0.9487785757471099,0.07927019716699915
194,3,1024,0,0.08159076921716332,0.08085925006764523,1.0090468208511223,0.07986392462824782
194,3,1024,1,0.08134400062747296,0.08101827986854199,1.0040203366383424,0.07986392462824782
194,3,4096,0,0.08128453803031395,0.08150709440071041,0.9972694846745203,0.07986392462824782
194,3,4096,1,0.08184622192860894,0.0810750163788833,1.0095122466102455,0.07986392462824782
194,3,16384,0,0.08247289281456423,0.08056032787682674,1.0237407789682997,0.07986392462824782
194,3,16384,1,0.08098157722676794,0.0812501320797088,0.996694714875326,0.07986392462824782
194,3,65536,0,0.081299190007709,0.08001251908325177,1.0160808700838235,0.07986392462824782
194,3,65536,1,0.0809853121869266,0.07891422334003245,1.0262448106214017,0.07986392462824782
194,3,262144,0,0.08056418754657105,0.08225105852768966,0.9794911942616431,0.07986392462824782
194,3,262144,1,0.08091192981228233,0.08117601317950372,0.9967467807683851,0.07986392462824782
195,3,1024,0,0.08154286212443065,0.07769049142228035,1.049586128644895,0.07877523691374808
195,3,1024,1,0.08112416357894739,0.0777191525660236,1.0438117362387755,0.07877523691374808
195,3,4096,0,0.07631198471877723,0.07780562061596322,0.9808029820293016,0.07877523691374808
195,3,4096,1,0.0770146921567619,0.07796098704534951,0.9878619432045268,0.07877523691374808
195,3,16384,0,0.07965000189437221,0.07913911590500183,1.0064555432990134,0.07877523691374808
195,3,16384,1,0.07964002218910804,0.07824638717825388,1.0178108544191222,0.07877523691374808
195,3,65536,0,0.07469710591522356,0.07968281778677087,0.9374305275587901,0.07877523691374808
195,3,65536,1,0.07563741209469738,0.07857475342955378,0.9626172376412243,0.07877523691374808
195,3,262144,0,0.08238526378429188,0.0760337429915442,1.0835355533326045,0.07877523691374808
195,3,262144,1,0.08141998443814616,0.0765387997424185,1.0637739906054793,0.07877523691374808
196,3,1024,0,0.07378683064617217,0.07505147862473485,0.9831495927630413,0.07314228745313983
196,3,1024,1,0.07318346152684344,0.0752212819247737,0.9729089913680516,0.07314228745313983
196,3,4096,0,0.07450317020248622,0.07242608824117622,1.0286786434522515,0.07314228745313983
196,3,4096,1,0.0745934492442757,0.07257351961672925,1.0278328740043747,0.07314228745313983
196,3,16384,0,0.07280548842462403,0.07231573862758109,1.0067723818678684,0.07314228745313983
196,3,16384,1,0.07449369632533442,0.07271795877229181,1.0244195186859293,0.07314228745313983
196,3,65536,0,0.07359584819767627,0.07050194342220847,1.0438839644027913,0.07314228745313983
196,3,65536,1,0.07429932907291999,0.07154560278957312,1.0384891059125745,0.07314228745313983
196,3,262144,0,0.07183508082305393,0.0724445389322575,0.9915872456614919,0.07314228745313983
196,3,262144,1,0.0719491512473052,0.07300605516646871,0.9855230649464135,0.07314228745313983
197,3,1024,0,0.0840337570959702,0.08211881358553183,1.0233191814010298,0.08350564667768778
197,3,1024,1,0.08367891450549163,0.08243916851209046,1.0150383126828766,0.08350564667768778
197,3,4096,0,0.08144354779254645,0.08100161128568233,1.0054558977265955,0.08350564667768778
197,3,4096,1,0.08118191911224273,0.08156981705867855,0.9952445897217499,0.08350564667768778
197,3,16384,0,0.08234685648890835,0.08006007826050827,1.0285632774547022,0.08350564667768778
197,3,16384,1,0.08207561347534259,0.0801752979921827,1.0237020071112823,0.08350564667768778
197,3,65536,0,0.0795864155219868,0.08197441355292603,0.970868983046796,0.08350564667768778
197,3,65536,1,0.07969788153953851,0.08175597055962608,0.9748264376778871,0.08350564667768778
197,3,262144,0,0.08072141667796923,0.08240932374802151,0.9795180084815002,0.08350564667768778
197,3,262144,1,0.08019920849893239,0.08205216011398818,0.9774173938567657,0.08350564667768778
198,3,1024,0,0.08584256882841389,0.08517328432847326,1.0078579158384864,0.08390252962286272
198,3,1024,1,0.08576921173011265,0.08585486115843469,0.9990023927921334,0.08390252962286272
198,3,4096,0,0.08612865466487908,0.08347704377427968,1.0317645519140484,0.08390252962286272
198,3,4096,1,0.08506057656351478,0.08371937190502438,1.01602024272246,0.08390252962286272
198,3,16384,0,0.0836719034009924,0.08232981874323424,1.0163013192333603,0.08390252962286272
198,3,16384,1,0.08282425851368655,0.08258214568408206,1.0029317817743642,0.08390252962286272
198,3,65536,0,0.08287604000493887,0.08528461643459734,0.9717583717867155,0.08390252962286272
198,3,65536,1,0.08195991722866892,0.08561818903028776,0.9572722590485451,0.08390252962286272
198,3,262144,0,0.08278110856413842,0.0860502998317856,0.962008368663004,0.08390252962286272
198,3,262144,1,0.0827175945115586,0.08585978156619267,0.9634032722036262,0.08390252962286272
199,3,1024,0,0.08398830272642277,0.0846219672170467,0.9925118203763964,0.08113831086506447
199,3,1024,1,0.08444107410671808,0.08587538625783003,0.983297750221401,0.08113831086506447
199,3,4096,0,0.081796909703811,0.08241974768703872,0.9924430976712918,0.08113831086506447
199,3,4096,1,0.08185335943313941,0.0808792334830517,1.0120442035382524,0.08113831086506447
199,3,16384,0,0.08275837758475295,0.08433215662048488,0.9813383281206205,0.08113831086506447
199,3,16384,1,0.08310285306523243,0.08583994575789795,0.9681139978771051,0.08113831086506447
199,3,65536,0,0.08156137447456518,0.08292904667438633,0.9835079232830061,0.08113831086506447
199,3,65536,1,0.0819488510897383,0.08268130248537672,0.9911412692637739,0.08113831086506447
199,3,262144,0,0.0827565991907691,0.08297502954683511,0.9973675169836158,0.08113831086506447
199,3,262144,1,0.08262933761123567,0.0837789268344788,0.9862783009202976,0.08113831086506447
200,3,1024,0,0.08593275678325443,0.07794078964752443,1.1025389551719,0.07311412302727502
200,3,1024,1,0.0865661296174551,0.07556211519422754,1.1456287240628782,0.07311412302727502
200,3,4096,0,0.07672225635585686,0.07206813476596212,1.0645794650438614,0.07311412302727502
200,3,4096,1,0.07764645287518701,0.0724728037741594,1.071387456143546,0.07311412302727502
200,3,16384,0,0.07749301727078854,0.07475314501120295,1.0366522673952379,0.07311412302727502
200,3,16384,1,0.0769083898146326,0.07410682340583194,1.0378044325751006,0.07311412302727502
200,3,65536,0,0.07354311788088332,0.07626147807639953,0.964354740242604,0.07311412302727502
200,3,65536,1,0.07384135534384599,0.07586138647256194,0.9733720773815996,0.07311412302727502
200,3,262144,0,0.0782574690734347,0.07514857875379459,1.0413699150562197,0.07311412302727502
200,3,262144,1,0.07575574419709544,0.0752693041886094,1.0064626611568923,0.07311412302727502
201,3,1024,0,0.0840316765933608,0.07943636656801142,1.0578489453116537,0.07843401816599072
201,3,1024,1,0.08410905604170016,0.0792740448960362,1.0609910993188858,0.07843401816599072
201,3,4096,0,0.08277146240019548,0.07708473960886103,1.0737723552053193,0.07843401816599072
201,3,4096,1,0.08257465683600554,0.077353268232153,1.067500555867686,0.07843401816599072
201,3,16384,0,0.07750277802037694,0.07974512662143812,0.9718810578644393,0.07843401816599072
201,3,16384,1,0.07715211735870692,0.07956193621179133,0.9697114101563648,0.07843401816599072
201,3,65536,0,0.08024266446841263,0.07714407772810122,1.0401662296259806,0.07843401816599072
201,3,65536,1,0.07964756905871137,0.07689623325121178,1.0357798515112082,0.07843401816599072
201,3,262144,0,0.07812203514166176,0.07790293248967338,1.0028125083996988,0.07843401816599072
201,3,262144,1,0.07899318433981388,0.07874048649482647,1.0032092492215425,0.07843401816599072
202,3,1024,0,0.0710910634096091,0.060113542230125126,1.1826131146532692,0.06247386142313481
202,3,1024,1,0.070833309843267,0.0600570617817197,1.1794334877839028,0.06247386142313481
202,3,4096,0,0.06274698899549744,0.06023812206835728,1.0416491557338579,0.06247386142313481
202,3,4096,1,0.06326326892556002,0.060645834073625296,1.0431593512055106,0.06247386142313481
202,3,16384,0,0.05946251877068231,0.06241058346130922,0.9527633851964462,0.06247386142313481
202,3,16384,1,0.059225469705152,0.06303222900039232,0.939606145052928,0.06247386142313481
202,3,65536,0,0.05929239892891297,0.06298344642102979,0.9413965462060774,0.06247386142313481
202,3,65536,1,0.05947556455265732,0.06213885578433761,0.9571396801878095,0.06247386142313481
202,3,262144,0,0.05836010861191901,0.05788117714684937,1.0082743905476308,0.06247386142313481
202,3,262144,1,0.05842776536320646,0.05785898975165592,1.0098303757807017,0.06247386142313481
203,3,1024,0,0.08562292207628489,0.07341335115872383,1.1663126764389664,0.06949898480984072
203,3,1024,1,0.08505088493196916,0.07332695418748379,1.1598856910721997,0.06949898480984072
203,3,4096,0,0.07250770985595881,0.0713141874962638,1.0167361138308915,0.06949898480984072
203,3,4096,1,0.07168124693042288,0.0699445166451257,1.0248301134756388,0.06949898480984072
203,3,16384,0,0.07248262870342782,0.07104997131953289,1.0201640811007768,0.06949898480984072
203,3,16384,1,0.07260866025872528,0.0697271983967806,1.0413247904432903,0.06949898480984072
203,3,65536,0,0.0717083721512308,0.07011900584909832,1.0226666976076775,0.06949898480984072
203,3,65536,1,0.07328206723183392,0.07018085867294399,1.0441888089933773,0.06949898480984072
203,3,262144,0,0.06922238533596196,0.07143448840441918,0.9690331222653459,0.06949898480984072
203,3,262144,1,0.0696025674795111,0.06986194208604271,0.9962873261351344,0.06949898480984072
204,3,1024,0,0.07724683547094463,0.06955189588203173,1.1106359430081452,0.06927823171286535
204,3,1024,1,0.07906055337935684,0.06967726044145675,1.1346679372646116,0.06927823171286535
204,3,4096,0,0.07004331312508633,0.06996603188548099,1.0011045537030288,0.06927823171286535
204,3,4096,1,0.07076531455889346,0.07052537265735195,1.0034022067874389,0.06927823171286535
204,3,16384,0,0.06813495939802378,0.07086121963538958,0.9615267666659769,0.06927823171286535
204,3,16384,1,0.06911875662344197,0.07240156113254878,0.9546583739665939,0.06927823171286535
204,3,65536,0,0.07163823335071404,0.06997149764805921,1.0238202090662418,0.06927823171286535
204,3,65536,1,0.0719586900210629,0.07070030338194833,1.0177988859866176,0.06927823171286535
204,3,262144,0,0.07073740267977119,0.069879206179471,1.012281142663471,0.06927823171286535
204,3,262144,1,0.07039326762252798,0.0707667433208522,0.994722440502442,0.06927823171286535
205,3,1024,0,0.08242675202246758,0.08096929715513146,1.018000092856725,0.07778187774997206
205,3,1024,1,0.0815236212734133,0.07999436859343174,1.0191170041950568,0.07778187774997206
205,3,4096,0,0.07796305609773845,0.08005005728814764,0.9739287982905891,0.07778187774997206
205,3,4096,1,0.07810263020371397,0.07997265594911102,0.9766166857508521,0.07778187774997206
205,3,16384,0,0.08002188624367121,0.08280289512915401,0.9664141105073072,0.07778187774997206
205,3,16384,1,0.07983502891603858,0.08160054141837854,0.9783639609290348,0.07778187774997206
205,3,65536,0,0.08010766574461012,0.0796186923208374,1.006141440025193,0.07778187774997206
205,3,65536,1,0.07943636186309158,0.07880765455994551,1.0079777441246882,0.07778187774997206
205,3,262144,0,0.0780993566888695,0.08078545967323547,0.9667501677253452,0.07778187774997206
205,3,262144,1,0.07833120739093671,0.08085718404890484,0.9687600219117162,0.07778187774997206
206,3,1024,0,0.08023529019616543,0.07797011598160578,1.029051825639121,0.07716471874080597
206,3,1024,1,0.08039099961513033,0.07884415899359556,1.0196189627903878,0.07716471874080597
206,3,4096,0,0.07682973473525295,0.07642491726022044,1.0052969304978656,0.07716471874080597
206,3,4096,1,0.07657312045836201,0.07669066728136437,0.9984672603959606,0.07716471874080597
206,3,16384,0,0.07655445467475804,0.07531117464996095,1.0165085730049455,0.07716471874080597
206,3,16384,1,0.07797219453019402,0.07742688038619844,1.007042956416113,0.07716471874080597
206,3,65536,0,0.07876680884845555,0.07817837355484901,1.007526829567434,0.07716471874080597
206,3,65536,1,0.07837591479693848,0.07790890734111434,1.0059942755169111,0.07716471874080597
206,3,262144,0,0.07821778645701706,0.07754015808518944,1.0087390635840998,0.07716471874080597
206,3,262144,1,0.07744000283504524,0.07662768721977536,1.0106008108131996,0.07716471874080597
207,3,1024,0,0.08120287902249645,0.0767969324815537,1.057371387092851,0.07975177539822956
207,3,1024,1,0.08127181775464362,0.07707759497307091,1.0544155896799592,0.07975177539822956
207,3,4096,0,0.07658204587853205,0.07951199665137607,0.9631508338837155,0.07975177539822956
207,3,4096,1,0.07696843835581094,0.07924495982564743,0.9712723500037702,0.07975177539822956
207,3,16384,0,0.07967990038171409,0.07491283153881131,1.063634877296462,0.07975177539822956
207,3,16384,1,0.07937635569876683,0.07581787802330212,1.0469345458912875,0.07975177539822956
207,3,65536,0,0.07589901751981429,0.07569673678391273,1.002672251730996,0.07975177539822956
207,3,65536,1,0.07625893591356774,0.07602837646488887,1.0030325446813315,0.07975177539822956
207,3,262144,0,0.07836590444662919,0.0768847366713771,1.0192647830945034,0.07975177539822956
207,3,262144,1,0.07927650253934165,0.07722528150797411,1.0265615222283875,0.07975177539822956
208,3,1024,0,0.08422601488605146,0.07707640380982421,1.0927600500649715,0.07645357440747325
208,3,1024,1,0.08372513756627839,0.07737379960677629,1.0820864167428823,0.07645357440747325
208,3,4096,0,0.07625779828621695,0.07717705204683303,0.9880890272919695,0.07645357440747325
208,3,4096,1,0.0767256524565319,0.07658021563917408,1.0018991434816935,0.07645357440747325
208,3,16384,0,0.0767012918689599,0.07900415245271211,0.9708513981574501,0.07645357440747325
208,3,16384,1,0.0763237682911257,0.07951691841677999,0.9598431354077667,0.07645357440747325
208,3,65536,0,0.07825729207942886,0.07753088574097197,1.0093692511250778,0.07645357440747325
208,3,65536,1,0.07866356161441654,0.07771365381120249,1.0122231777381328,0.07645357440747325
208,3,262144,0,0.0762387411588182,0.07686178719770845,0.9918939428602197,0.07645357440747325
208,3,262144,1,0.07641454435866324,0.07697083359855861,0.9927727268383671,0.07645357440747325
209,3,1024,0,0.08291500540344665,0.060822633087442415,1.363226174115857,0.058972010078343254
209,3,1024,1,0.08445864248226087,0.061726218161343216,1.3682782616213172,0.058972010078343254
209,3,4096,0,0.06231726433156681,0.059978586886510046,1.0389918730409897,0.058972010078343254
209,3,4096,1,0.06379337257215131,0.060613774514644836,1.0524566912878566,0.058972010078343254
209,3,16384,0,0.06230336758674434,0.0575004659406369,1.0835280474260143,0.058972010078343254
209,3,16384,1,0.06278686903448155,0.05879208723176531,1.0679476098028013,0.058972010078343254
209,3,65536,0,0.06029958646403004,0.05928597178085653,1.0170970408804332,0.058972010078343254
209,3,65536,1,0.0602950404499968,0.06037159750955142,0.9987319027040404,0.058972010078343254
209,3,262144,0,0.06179205592982473,0.05706450765109232,1.0828456859321016,0.058972010078343254
209,3,262144,1,0.061975697197268406,0.05788251776162737,1.0707152970176181,0.058972010078343254
210,3,1024,0,0.0817577080765118,0.0627053886312212,1.3038386311157377,0.0646009609612947
210,3,1024,1,0.08121856488467508,0.06345974137488178,1.279843931365634,0.0646009609612947
210,3,4096,0,0.06361798393527666,0.06371412228631462,0.9984910982434014,0.0646009609612947
210,3,4096,1,0.06350630958837768,0.06352282942141868,0.9997399386458149,0.0646009609612947
210,3,16384,0,0.06701969240053249,0.06438209453528064,1.0409678791019523,0.0646009609612947
210,3,16384,1,0.06783187823531528,0.06447069434082922,1.0521350658442874,0.0646009609612947
210,3,65536,0,0.0632209413965543,0.06117095430851533,1.0335124261377364,0.0646009609612947
210,3,65536,1,0.06386112549379469,0.06122694202691177,1.0430232734100142,0.0646009609612947
210,3,262144,0,0.06509259285101046,0.061794665617135036,1.053369125003582,0.0646009609612947
210,3,262144,1,0.0662049483925104,0.06112086374693175,1.083180837669917,0.0646009609612947
211,3,1024,0,0.08065690764418493,0.07827898528561178,1.0303775317206396,0.08116998714810858
211,3,1024,1,0.08092589803859596,0.07931888110444574,1.0202602067978508,0.08116998714810858
211,3,4096,0,0.07869964901798715,0.07776545039703997,1.0120130291302567,0.08116998714810858
211,3,4096,1,0.07888103595816842,0.07857002163134143,1.0039584350413737,0.08116998714810858
211,3,16384,0,0.07783202732168137,0.0787834060837301,0.9879241224854176,0.08116998714810858
211,3,16384,1,0.0794795306744675,0.07798048487032949,1.0192233455156212,0.08116998714810858
211,3,65536,0,0.0792885243540009,0.07844952480356918,1.0106947690573334,0.08116998714810858
211,3,65536,1,0.07937375662208843,0.07894366016853786,1.0054481443175087,0.08116998714810858
211,3,262144,0,0.07827323869684089,0.07859367850485444,0.995922829747767,0.08116998714810858
211,3,262144,1,0.07860521836522967,0.07858664624772435,1.0002363266329852,0.08116998714810858
212,3,1024,0,0.08104667817739154,0.07583884084774549,1.068669790722426,0.07705514735138666
212,3,1024,1,0.08122083633889754,0.07617212019311134,1.066280367843073,0.07705514735138666
212,3,4096,0,0.07661726356068004,0.07709337751728737,0.9938241912348363,0.07705514735138666
212,3,4096,1,0.07640013618711378,0.07671085807024888,0.9959494406534919,0.07705514735138666
212,3,16384,0,0.0764901768422996,0.0760293258724155,1.006061489623852,0.07705514735138666
212,3,16384,1,0.07645360685245442,0.07577698406507519,1.0089291332418056,0.07705514735138666
212,3,65536,0,0.07651336368030556,0.07728589963024503,0.9900041798874637,0.07705514735138666
212,3,65536,1,0.07697713358737529,0.07685636538959878,1.0015713493236937,0.07705514735138666
212,3,262144,0,0.07565985992414259,0.07521599098819565,1.0059012575665807,0.07705514735138666
212,3,262144,1,0.07559607734065503,0.07509205633890619,1.0067120415437032,0.07705514735138666
213,3,1024,0,0.08061039415219177,0.07637540952182573,1.0554495832739963,0.07434721811978767
213,3,1024,1,0.08114649500027299,0.0762062580209682,1.0648271822760997,0.07434721811978767
213,3,4096,0,0.07651658322252336,0.07522755379407652,1.0171350703756148,0.07434721811978767
213,3,4096,1,0.07695435599771637,0.07501679720090906,1.025828332708182,0.07434721811978767
213,3,16384,0,0.07399275202546271,0.07736488630547086,0.956412599552031,0.07434721811978767
213,3,16384,1,0.07388020594734701,0.07728729853154817,0.9559165264029715,0.07434721811978767
213,3,65536,0,0.07446867274610947,0.07546633162554418,0.9867800798323549,0.07434721811978767
213,3,65536,1,0.07471232604415469,0.07545882501907814,0.9901072011824368,0.07434721811978767
213,3,262144,0,0.07251745172496883,0.07481932515828837,0.9692342395704628,0.07434721811978767
213,3,262144,1,0.07194966564942153,0.07476755457957845,0.9623113401795464,0.07434721811978767
214,3,1024,0,0.07505982984943939,0.0733752233408074,1.0229587922452714,0.07352719917080056
214,3,1024,1,0.07607330197660875,0.07190186274218399,1.0580157324905775,0.07352719917080056
214,3,4096,0,0.07400426569251965,0.07097823293628786,1.0426332500972242,0.07352719917080056
214,3,4096,1,0.07590385187026114,0.07051722839801829,1.0763873395851478,0.07352719917080056
214,3,16384,0,0.07222357012710223,0.07420772880001489,0.9732621021422198,0.07352719917080056
214,3,16384,1,0.07324537426643074,0.07169466571601066,1.0216293434795078,0.07352719917080056
214,3,65536,0,0.07279658176346371,0.07232036525091917,1.0065848189634037,0.07352719917080056
214,3,65536,1,0.07422692132610828,0.07338320553508146,1.0114973962349394,0.07352719917080056
214,3,262144,0,0.07390822474832337,0.07806445906000437,0.9467589430359558,0.07352719917080056
214,3,262144,1,0.07492176651780805,0.07819637526395674,0.9581232667742584,0.07352719917080056
215,3,1024,0,0.0800679398968816,0.07795296231254625,1.0271314587873583,0.07901713667244961
215,3,1024,1,0.08035355410967021,0.07773969391913962,1.033623237483407,0.07901713667244961
215,3,4096,0,0.0776704547206561,0.07690340445946361,1.0099742042187068,0.07901713667244961
215,3,4096,1,0.07791656593848022,0.07679970047784432,1.01454257573515,0.07901713667244961
215,3,16384,0,0.07693159667452176,0.07619687137112899,1.0096424602502927,0.07901713667244961
215,3,16384,1,0.07646253547860932,0.0757174790168644,1.0098399533558027,0.07901713667244961
215,3,65536,0,0.07576946294748532,0.07671506489622551,0.987673842810153,0.07901713667244961
215,3,65536,1,0.07605295161275814,0.07683777163509486,0.9897860127169765,0.07901713667244961
215,3,262144,0,0.0753820316862936,0.0754795254288485,0.9987083418715077,0.07901713667244961
215,3,262144,1,0.0748336785035829,0.07496731183334773,0.9982174453572258,0.07901713667244961
216,3,1024,0,0.1415532125355676,0.06331994486259246,2.235523306957158,0.06397487772293392
216,3,1024,1,0.1455221271837751,0.06535484534223436,2.226646340018712,0.06397487772293392
216,3,4096,0,0.09260670658430706,0.06550012931361787,1.4138400573363992,0.06397487772293392
216,3,4096,1,0.09127734135923288,0.06380472030277617,1.430573489329462,0.06397487772293392
216,3,16384,0,0.06992634269992509,0.06300788757804675,1.1098030006689017,0.06397487772293392
216,3,16384,1,0.06678436736327906,0.06221485527649122,1.0734472830721908,0.06397487772293392
216,3,65536,0,0.05982172105312346,0.05795412194751215,1.0322254749593611,0.06397487772293392
216,3,65536,1,0.060551477960621325,0.0571548319951818,1.0594288504902938,0.06397487772293392
216,3,262144,0,0.05815568955248843,0.06117553615019165,0.9506363689189545,0.06397487772293392
216,3,262144,1,0.057520434092606085,0.05817500822860526,0.9887481900573705,0.06397487772293392
217,3,1024,0,0.1337689518422509,0.06027060503227,2.219472523473566,0.04699653570676844
217,3,1024,1,0.13405704926519343,0.06015263420056925,2.2286147738468416,0.04699653570676844
217,3,4096,0,0.08980536051560192,0.05168492187105063,1.73755434398563,0.04699653570676844
217,3,4096,1,0.0902994583576297,0.05300446113915008,1.7036199673942698,0.04699653570676844
217,3,16384,0,0.05695411733152965,0.05131172012171633,1.109963127262719,0.04699653570676844
217,3,16384,1,0.05647278815452009,0.051730230411139666,1.0916786510651062,0.04699653570676844
217,3,65536,0,0.05116884544206164,0.0524860491162452,0.9749037373480668,0.04699653570676844
217,3,65536,1,0.05248360466267914,0.0525414151246385,0.998899716312889,0.04699653570676844
217,3,262144,0,0.049101386121846745,0.04873545540136756,1.0075085113592457,0.04699653570676844
217,3,262144,1,0.0490442201744765,0.04867844561152103,1.0075140970168714,0.04699653570676844
218,3,1024,0,0.2028948614178846,0.0702553484665086,2.887963206311709,0.06290178477882097
218,3,1024,1,0.2048897487158577,0.06914758954147224,2.963078685381682,0.06290178477882097
218,3,4096,0,0.13089735933542251,0.06684106489601455,1.958337431324009,0.06290178477882097
218,3,4096,1,0.12879259754599387,0.06654232763645498,1.9354988339096706,0.06290178477882097
218,3,16384,0,0.08206394175210349,0.06076330132112864,1.350551072240181,0.06290178477882097
218,3,16384,1,0.08330829994585365,0.06195035498099674,1.3447590408708465,0.06290178477882097
218,3,65536,0,0.07148465431413302,0.06189283595487175,1.1549746139642882,0.06290178477882097
218,3,65536,1,0.06934156001812468,0.06140022924169647,1.1293371519048874,0.06290178477882097
218,3,262144,0,0.05896868798875561,0.06185132523411408,0.9533940908388402,0.06290178477882097
218,3,262144,1,0.05959585549980402,0.06089812832000116,0.9786155526266079,0.06290178477882097
219,3,1024,0,0.12791578518177074,0.05380571766228902,2.3773641675896364,0.051573735835403214
219,3,1024,1,0.12816483682505786,0.05383671486959671,2.3806214241619075,0.051573735835403214
219,3,4096,0,0.07275695354162406,0.04470025014402787,1.6276632302323857,0.051573735835403214
219,3,4096,1,0.0725381877332305,0.04480414898930932,1.6190060378233895,0.051573735835403214
219,3,16384,0,0.05952458922242125,0.049613157150990544,1.1997742663557307,0.051573735835403214
219,3,16384,1,0.058113035285969575,0.04867315526148065,1.1939442794241764,0.051573735835403214
219,3,65536,0,0.04795603613946586,0.046664263113546905,1.0276822763230122,0.051573735835403214
219,3,65536,1,0.04713563179187478,0.04568532016492387,1.0317456815825148,0.051573735835403214
219,3,262144,0,0.04684043414387852,0.048319432077601226,0.9693912392979407,0.051573735835403214
219,3,262144,1,0.04688486513718963,0.04773123304533647,0.982268048526152,0.051573735835403214
220,3,1024,0,0.11882411712991692,0.06359721642821836,1.8683855018093865,0.05715367394803713
220,3,1024,1,0.11907910419441763,0.06403533724895552,1.8595842437975123,0.05715367394803713
220,3,4096,0,0.08249626432433727,0.06402972137087437,1.2884057990273077,0.05715367394803713
220,3,4096,1,0.08375881725202004,0.06360202889191091,1.3169205245695037,0.05715367394803713
220,3,16384,0,0.06526472352681059,0.058620597211423764,1.1133411570582232,0.05715367394803713
220,3,16384,1,0.06526324691480645,0.058079131067184556,1.1236953052777507,0.05715367394803713
220,3,65536,0,0.058246048477354165,0.061239011079684574,0.9511265360174425,0.05715367394803713
220,3,65536,1,0.058710595987426735,0.060991032480937596,0.9626102985840812,0.05715367394803713
220,3,262144,0,0.05978539596237242,0.05952444849272161,1.0043838704306975,0.05715367394803713
220,3,262144,1,0.05956985340081154,0.060405373748380675,0.9861681122767404,0.05715367394803713
221,3,1024,0,0.1657447930489977,0.0667426714403642,2.483340709505368,0.058226570027632006
221,3,1024,1,0.16685103307850663,0.06515907760110061,2.5606721154028174,0.058226570027632006
221,3,4096,0,0.09950425544430815,0.056788237509879075,1.7521983390838296,0.058226570027632006
221,3,4096,1,0.10125296351592988,0.05634926080674702,1.796881841328543,0.058226570027632006
221,3,16384,0,0.07185943935972948,0.06019944892795182,1.1936893217366926,0.058226570027632006
221,3,16384,1,0.07251500032115729,0.05878068010130299,1.2336536459970264,0.058226570027632006
221,3,65536,0,0.06271243530238668,0.06170952378085019,1.016252135166334,0.058226570027632006
221,3,65536,1,0.062010913794611884,0.06250637154476386,0.9920734840639861,0.058226570027632006
221,3,262144,0,0.0585028156152616,0.059881146679483035,0.9769822199364514,0.058226570027632006
221,3,262144,1,0.05750690099547308,0.06010335130624773,0.9568002406796782,0.058226570027632006
222,3,1024,0,0.15616542759500443,0.06288779549230174,2.483239019153105,0.05686338533020267
222,3,1024,1,0.15602459136216595,0.062383879266370436,2.5010402238046594,0.05686338533020267
222,3,4096,0,0.10954701811106256,0.05774879879744799,1.8969575193294517,0.05686338533020267
222,3,4096,1,0.10812789859014255,0.057310052227362455,1.8867178511925577,0.05686338533020267
222,3,16384,0,0.07682130822582792,0.052795322343154386,1.4550779276715378,0.05686338533020267
222,3,16384,1,0.07378290806952861,0.05352419234240943,1.3784964301286124,0.05686338533020267
222,3,65536,0,0.0584756694185858,0.05037147944014862,1.160888464434851,0.05686338533020267
222,3,65536,1,0.056920857146258164,0.051528688313642435,1.104644014995975,0.05686338533020267
222,3,262144,0,0.05222353795437765,0.05313193365009528,0.9829030183298061,0.05686338533020267
222,3,262144,1,0.05272801670599729,0.05432363808472428,0.9706274941262508,0.05686338533020267
223,3,1024,0,0.1211330761720116,0.05812609253846075,2.083970741571189,0.04932307685712974
223,3,1024,1,0.12260799473331621,0.0576087127564486,2.128289088000699,0.04932307685712974
223,3,4096,0,0.0827582586740454,0.0521706180107259,1.586300140378458,0.04932307685712974
223,3,4096,1,0.08419007617421449,0.051817174174237736,1.6247523628193485,0.04932307685712974
223,3,16384,0,0.059024652099174776,0.04953363889140501,1.1916074292174934,0.04932307685712974
223,3,16384,1,0.05829093940320117,0.049008335309343606,1.1894086798758863,0.04932307685712974
223,3,65536,0,0.04933123547658325,0.05432626424681677,0.9080549925623462,0.04932307685712974
223,3,65536,1,0.04906420399465908,0.052670634411036296,0.9315286315286617,0.04932307685712974
223,3,262144,0,0.04957253213139873,0.04750718886696154,1.0434743312263948,0.04932307685712974
223,3,262144,1,0.04736924871920295,0.04787358330703812,0.9894652843385335,0.04932307685712974
224,3,1024,0,0.18958543215437484,0.07358707340723726,2.5763415145645565,0.05559221461489797
224,3,1024,1,0.19158924857539433,0.07403226089733857,2.587915676938105,0.05559221461489797
224,3,4096,0,0.12503579560033978,0.05745739868965856,2.176147866973384,0.05559221461489797
224,3,4096,1,0.12368520414022108,0.0575382458841215,2.1496172196371,0.05559221461489797
224,3,16384,0,0.08613741987838097,0.057634073611444396,1.4945572034192751,0.05559221461489797
224,3,16384,1,0.08513179646997401,0.056816116572662084,1.4983740812538469,0.05559221461489797
224,3,65536,0,0.060165519732361034,0.054080649289823424,1.1125147445979837,0.05559221461489797
224,3,65536,1,0.06142708184961229,0.05534080537739465,1.1099780971872832,0.05559221461489797
224,3,262144,0,0.055622350662822506,0.05105668595309552,1.0894234442462902,0.05559221461489797
224,3,262144,1,0.05460351533312352,0.05100450007808903,1.0705627003406428,0.05559221461489797
225,3,1024,0,0.16352375959487012,0.060116079220970786,2.720133476998726,0.05544339981259157
225,3,1024,1,0.16259106563193104,0.05884221166642859,2.763170537396618,0.05544339981259157
225,3,4096,0,0.09575477806578078,0.05732285299814271,1.6704468297989858,0.05544339981259157
225,3,4096,1,0.09650503475864727,0.05826669831511759,1.6562639989781016,0.05544339981259157
225,3,16384,0,0.06813547859272609,0.0576820062419032,1.1812258801641498,0.05544339981259157
225,3,16384,1,0.06660363279252005,0.05760292698098232,1.156254313509265,0.05544339981259157
225,3,65536,0,0.05810936173504841,0.05536167848896546,1.049631501809155,0.05544339981259157
225,3,65536,1,0.05797687501398227,0.05668395686662514,1.0228092430173727,0.05544339981259157
225,3,262144,0,0.054992094254866244,0.05886349801288891,0.9342308240469336,0.05544339981259157
225,3,262144,1,0.054849674546159806,0.05813783300515022,0.9434420189225297,0.05544339981259157
226,3,1024,0,0.13607572216882058,0.06581721713100791,2.067479120212033,0.06298864425371091
226,3,1024,1,0.13562296509953836,0.06565353242876096,2.0657375175768267,0.06298864425371091
226,3,4096,0,0.07916077848734954,0.06193514368493909,1.2781237561994911,0.06298864425371091
226,3,4096,1,0.07953967161116501,0.0622512916921637,1.277719215923958,0.06298864425371091
226,3,16384,0,0.06490673608388753,0.05614721364475589,1.1560099223187323,0.06298864425371091
226,3,16384,1,0.06509711120153466,0.05650001503806766,1.15216095354443,0.06298864425371091
226,3,65536,0,0.05737585379884889,0.06016871323031309,0.9535828625622469,0.06298864425371091
226,3,65536,1,0.05733229377561557,0.06034724289091195,0.9500399857414129,0.06298864425371091
226,3,262144,0,0.059780724983476086,0.05931749800193413,1.0078092805183194,0.06298864425371091
226,3,262144,1,0.05994636387558035,0.05870164054413765,1.021204234156059,0.06298864425371091
227,3,1024,0,0.10831229135456184,0.06461699834950393,1.6762197892374453,0.06810235565981519
227,3,1024,1,0.10509918065642315,0.06438570197720632,1.6323372647801546,0.06810235565981519
227,3,4096,0,0.07206334108958642,0.06509429801146752,1.1070607302177402,0.06810235565981519
227,3,4096,1,0.07229450243121632,0.06501763574301966,1.1119214287790817,0.06810235565981519
227,3,16384,0,0.06638975923564286,0.06360133570279296,1.0438422165515535,0.06810235565981519
227,3,16384,1,0.06486703167706728,0.06241269029005668,1.0393243966187693,0.06810235565981519
227,3,65536,0,0.06499821648690848,0.06520834587734242,0.9967775690733025,0.06810235565981519
227,3,65536,1,0.06566836746452998,0.06406754907748069,1.0249864152773087,0.06810235565981519
227,3,262144,0,0.06438406890612097,0.06646904365675918,0.9686323943307377,0.06810235565981519
227,3,262144,1,0.06585586933003115,0.06529304503778251,1.0086199731062162,0.06810235565981519
228,3,1024,0,0.15540853136337052,0.06290313752356382,2.4706006326815375,0.04874305598835149
228,3,1024,1,0.15414436702697232,0.06049220881614728,2.54816893024125,0.04874305598835149
228,3,4096,0,0.09281621740243087,0.046998671641219236,1.9748689518498705,0.04874305598835149
228,3,4096,1,0.08966624074938398,0.049567992414024216,1.8089544559407011,0.04874305598835149
228,3,16384,0,0.058493830527303114,0.049895762361582996,1.1723206091814353,0.04874305598835149
228,3,16384,1,0.05915162004480759,0.05014833096603087,1.1795331749899176,0.04874305598835149
228,3,65536,0,0.04708841217458248,0.048737630478092916,0.9661612949309929,0.04874305598835149
228,3,65536,1,0.04744169076749434,0.05100695026794956,0.930102476589441,0.04874305598835149
228,3,262144,0,0.048362678275754065,0.048007510452140106,1.0073981720832625,0.04874305598835149
228,3,262144,1,0.047198116305843,0.04424851422982549,1.066659912255977,0.04874305598835149
229,3,1024,0,0.15667453554725896,0.06684590436348223,2.3438165290624733,0.0600720857580503
229,3,1024,1,0.15707255891263489,0.06617593337240815,2.3735601586259727,0.0600720857580503
229,3,4096,0,0.09977428142304223,0.05476506362536085,1.8218600475949838,0.0600720857580503
229,3,4096,1,0.0993036709808434,0.05549126049787309,1.7895371287276776,0.0600720857580503
229,3,16384,0,0.06829792795280616,0.05901263266974595,1.15734419670825,0.0600720857580503
229,3,16384,1,0.06854225938984503,0.05824347746639802,1.1768229228652876,0.0600720857580503
229,3,65536,0,0.05867183612591276,0.060662244102350625,0.9671886853859278,0.0600720857580503
229,3,65536,1,0.05986476484487453,0.06045467947731134,0.9902420352313968,0.0600720857580503
229,3,262144,0,0.053911233187839386,0.057256869203943295,0.9415679539831792,0.0600720857580503
229,3,262144,1,0.05441748545914887,0.05722306770841036,0.9509711317198547,0.0600720857580503
230,3,1024,0,0.07190601818611225,0.053740669477055344,1.3380186530205513,0.058195085335088256
230,3,1024,1,0.07329979254777233,0.05484179361468752,1.3365681119543373,0.058195085335088256
230,3,4096,0,0.06167223172870774,0.057370420472741226,1.0749830874607318,0.058195085335088256
230,3,4096,1,0.06264810989592225,0.057688037765795785,1.0859809472158433,0.058195085335088256
230,3,16384,0,0.05495393211996803,0.055126467544375404,0.9968701890018894,0.058195085335088256
230,3,16384,1,0.05592636739344646,0.0555469252422844,1.006831019890066,0.058195085335088256
230,3,65536,0,0.057393581158792006,0.05450192744085451,1.0530559900120142,0.058195085335088256
230,3,65536,1,0.057616280849091706,0.05517791410341907,1.0441909917272778,0.058195085335088256
230,3,262144,0,0.05433339034213375,0.0554225400817687,0.9803482529305214,0.058195085335088256
230,3,262144,1,0.05432114034847665,0.05612446093206028,0.9678692578309734,0.058195085335088256
231,3,1024,0,0.13757439891391746,0.05885235410461093,2.3376193018443567,0.04309380010217427
231,3,1024,1,0.13695044250761473,0.05921634525713601,2.3127135238240863,0.04309380010217427
231,3,4096,0,0.07994756850848594,0.04537977432820138,1.7617445148642426,0.04309380010217427
231,3,4096,1,0.08005807297409825,0.04483771237441192,1.7855075278056773,0.04309380010217427
231,3,16384,0,0.05328317202565572,0.04456033762829342,1.1957533282203805,0.04309380010217427
231,3,16384,1,0.05265971395373345,0.04431111241892233,1.1884087552549458,0.04309380010217427
231,3,65536,0,0.046141689475998275,0.0451796247659963,1.0212942164744594,0.04309380010217427
231,3,65536,1,0.04583124699325611,0.044132117098725956,1.038500983098751,0.04309380010217427
231,3,262144,0,0.0424647970095898,0.045957526188043156,0.9240009315522717,0.04309380010217427
231,3,262144,1,0.04291305464971812,0.04602328815927585,0.9324204411733047,0.04309380010217427
232,3,1024,0,0.2685217492849876,0.04721485155025237,5.687230616391768,0.035015434651263055
232,3,1024,1,0.266619057260702,0.04648864568526201,5.735143567437296,0.035015434651263055
232,3,4096,0,0.25878064529007927,0.03897159907331736,6.640236773534354,0.035015434651263055
232,3,4096,1,0.25391455078988023,0.03775157110442272,6.725933341622789,0.035015434651263055
232,3,16384,0,0.15965271953704457,0.03657191181839435,4.365446365774759,0.035015434651263055
232,3,16384,1,0.15884230452937384,0.034935463051976826,4.546735341479486,0.035015434651263055
232,3,65536,0,0.09531101130309204,0.03441545560299837,2.7694246562520672,0.035015434651263055
232,3,65536,1,0.09256874095822375,0.03478036504822414,2.661522983725849,0.035015434651263055
232,3,262144,0,0.049826865439862006,0.04353541441148001,1.1445134062333167,0.035015434651263055
232,3,262144,1,0.047183095339747766,0.04313938102005592,1.0937360301440553,0.035015434651263055
233,3,1024,0,0.2534337601135175,0.06259113444313757,4.049036055477721,0.047189703378205494
233,3,1024,1,0.2564993209614108,0.06430168079668099,3.988998697754886,0.047189703378205494
233,3,4096,0,0.1345653606509169,0.05609055351440412,2.3990735020356033,0.047189703378205494
233,3,4096,1,0.1322907071419681,0.056385129135524986,2.346198530892775,0.047189703378205494
233,3,16384,0,0.07548837522206207,0.04965231831433589,1.5203393876629252,0.047189703378205494
233,3,16384,1,0.0785858232687538,0.049965740337485104,1.5727941332993207,0.047189703378205494
233,3,65536,0,0.05716729798509429,0.05002655238500107,1.1427391107254106,0.047189703378205494
233,3,65536,1,0.055887978650132814,0.052491157340512046,1.0647122578682247,0.047189703378205494
233,3,262144,0,0.049327232742123306,0.05452300212987278,0.9047050018380637,0.047189703378205494
233,3,262144,1,0.04976149034493915,0.05526447648051511,0.900424531524945,0.047189703378205494
234,3,1024,0,0.29468310672057174,0.045216358433781925,6.517179112336674,0.03368978844539573
234,3,1024,1,0.2939958809828385,0.044096853307215404,6.667048982715804,0.03368978844539573
234,3,4096,0,0.25967326024894916,0.04152868306468446,6.2528652749350595,0.03368978844539573
234,3,4096,1,0.25826396667951096,0.04254311290613405,6.070641028298457,0.03368978844539573
234,3,16384,0,0.16257105643848577,0.037021794332454235,4.391225746072818,0.03368978844539573
234,3,16384,1,0.1629675757393862,0.037252961226339816,4.3746207113371565,0.03368978844539573
234,3,65536,0,0.0929147676433126,0.03649918997402006,2.545666567105979,0.03368978844539573
234,3,65536,1,0.09514438596225033,0.035034086901228396,2.7157661117439966,0.03368978844539573
234,3,262144,0,0.05046094113327562,0.035542671739286616,1.4197284183760248,0.03368978844539573
234,3,262144,1,0.052408196204404046,0.03775564484502439,1.3880890240260493,0.03368978844539573
235,3,1024,0,0.26449908629730345,0.04509537273930128,5.865326534196459,0.03723457613773644
235,3,1024,1,0.258688898628888,0.04467617539451811,5.790309854066645,0.03723457613773644
235,3,4096,0,0.1998448464750623,0.03987612936707138,5.0116410405692156,0.03723457613773644
235,3,4096,1,0.19686036916269609,0.03782346941549815,5.204714749991513,0.03723457613773644
235,3,16384,0,0.10939896591225018,0.03303879646272602,3.3112273334675737,0.03723457613773644
235,3,16384,1,0.1071640781989942,0.03212196090883057,3.3361624000212884,0.03723457613773644
235,3,65536,0,0.07095063840815176,0.028704313450792586,2.4717761854775406,0.03723457613773644
235,3,65536,1,0.0736263913586115,0.029384046371429724,2.5056586975100497,0.03723457613773644
235,3,262144,0,0.03840481650196016,0.0325006247437747,1.1816639466081764,0.03723457613773644
235,3,262144,1,0.03875210878786941,0.03145469820456465,1.2319974757298982,0.03723457613773644
236,3,1024,0,0.37393526562874513,0.0519623029839983,7.196279690372804,0.046647991998679944
236,3,1024,1,0.3783866477349773,0.054844085939201884,6.899315418520106,0.046647991998679944
236,3,4096,0,0.26897801506246133,0.04942826499506652,5.441785486286202,0.046647991998679944
236,3,4096,1,0.26940084004923703,0.04940694316555437,5.452691925232453,0.046647991998679944
236,3,16384,0,0.17478492476412405,0.04475667773518419,3.9052256246160524,0.046647991998679944
236,3,16384,1,0.17337644893756757,0.04708359219680182,3.6823114135574446,0.046647991998679944
236,3,65536,0,0.08624408916564039,0.047027591856822384,1.8339040074221615,0.046647991998679944
236,3,65536,1,0.09014872631902496,0.046295022642334566,1.947266059582576,0.046647991998679944
236,3,262144,0,0.06356071278812986,0.04811417459276597,1.32103924313577,0.046647991998679944
236,3,262144,1,0.06261044883218904,0.04783203023915639,1.3089649032069457,0.046647991998679944
237,3,1024,0,0.2896735306792582,0.04575356821648971,6.33116808089427,0.03970728421205033
237,3,1024,1,0.28693815386109056,0.04467845526318309,6.422293523150062,0.03970728421205033
237,3,4096,0,0.23900378805777678,0.03817093689054296,6.26140743527286,0.03970728421205033
237,3,4096,1,0.23818036751095206,0.04076243794766723,5.843133519558851,0.03970728421205033
237,3,16384,0,0.16992956089942407,0.033828337303996286,5.023290366663973,0.03970728421205033
237,3,16384,1,0.1632883891772479,0.038415552869243766,4.250580220283116,0.03970728421205033
237,3,65536,0,0.08617393179585536,0.03547537802797488,2.429119479090569,0.03970728421205033
237,3,65536,1,0.09011420554649086,0.03674309651127389,2.452547936966638,0.03970728421205033
237,3,262144,0,0.05207666498441249,0.0375473268461205,1.386960653626217,0.03970728421205033
237,3,262144,1,0.054070586297412716,0.03483667369141182,1.5521167943982714,0.03970728421205033
238,3,1024,0,0.35176370321468764,0.08350931279114437,4.212269164451679,0.045140196082244316
238,3,1024,1,0.3533265881154065,0.0832871732532058,4.242268939074681,0.045140196082244316
238,3,4096,0,0.30553771412987263,0.06460532733029,4.729295969167271,0.045140196082244316
238,3,4096,1,0.3076299136041974,0.06440606426681997,4.776412238601559,0.045140196082244316
238,3,16384,0,0.1889740615795677,0.04962522465211589,3.8080243042589497,0.045140196082244316
238,3,16384,1,0.1874347897299876,0.05017893701150008,3.7353280259211354,0.045140196082244316
238,3,65536,0,0.10564910444201281,0.04970572491297843,2.125491673785594,0.045140196082244316
238,3,65536,1,0.1026446840732048,0.04910735787222022,2.090209869166477,0.045140196082244316
238,3,262144,0,0.06074556989582876,0.04529564084295827,1.3410908591940665,0.045140196082244316
238,3,262144,1,0.06373303361305346,0.04556138243998378,1.3988388894258528,0.045140196082244316
239,3,1024,0,0.289791129707483,0.05346984124326179,5.419711803314961,0.05053907027095557
239,3,1024,1,0.29008198438466837,0.05522698923813452,5.252540259507126,0.05053907027095557
239,3,4096,0,0.245333643787168,0.05726471136330808,4.2842029226460685,0.05053907027095557
239,3,4096,1,0.2464921828124672,0.05623528748595534,4.383229709175545,0.05053907027095557
239,3,16384,0,0.15741701886132364,0.05038825416739519,3.1240816230379287,0.05053907027095557
239,3,16384,1,0.156510205966793,0.04863342297449315,3.2181614287951343,0.05053907027095557
239,3,65536,0,0.0831326202398787,0.05557839606216173,1.4957722088075178,0.05053907027095557
239,3,65536,1,0.08554152356243383,0.05337061539360757,1.6027831594514368,0.05053907027095557
239,3,262144,0,0.057418182156793784,0.05135520225944893,1.118059702437046,0.05053907027095557
239,3,262144,1,0.058394056832355754,0.05008370146037401,1.1659293368833143,0.05053907027095557
